Ticker,Expiration,Strike,Type,LTP,IV,Volume,OI,Bid,Ask,Change,Spot,T_years
NIFTY,07-Aug-2025,12000,put,20.05,0.0,0,12,18.4,20.05,0.0,24574.2,0.0
NIFTY,07-Aug-2025,13000,put,6.1,0.0,0,92,4.05,6.9,0.0,24574.2,0.0
NIFTY,07-Aug-2025,14000,put,29.6,0.0,0,29,20.3,0.0,0.0,24574.2,0.0
NIFTY,07-Aug-2025,15000,put,6.7,33.07,11,87,6.05,11.5,-4.0,24574.2,0.0
NIFTY,07-Aug-2025,15000,put,20.2,0.0,0,13,20.15,0.0,0.0,24574.2,0.0
NIFTY,07-Aug-2025,15000,put,25.05,0.0,0,18,21.15,0.0,0.0,24574.2,0.0
NIFTY,07-Aug-2025,15000,put,3.05,0.0,0,8,27.45,49.9,0.0,24574.2,0.0
NIFTY,07-Aug-2025,16000,put,8.85,0.0,0,70,8.85,11.9,0.0,24574.2,0.0
NIFTY,07-Aug-2025,16000,put,21.0,0.0,0,30,20.6,0.0,0.0,24574.2,0.0
NIFTY,07-Aug-2025,16000,put,23.3,0.0,0,32,24.0,0.0,0.0,24574.2,0.0
NIFTY,07-Aug-2025,16500,put,10.95,0.0,0,40,5.6,0.0,0.0,24574.2,0.0
NIFTY,07-Aug-2025,17000,call,7640.0,0.0,20,2267,7636.6,7679.1,-65.0,24574.2,0.0
NIFTY,07-Aug-2025,17000,put,4.35,37.97,68,675,4.1,4.35,-0.15,24574.2,0.0
NIFTY,07-Aug-2025,17000,put,12.7,27.99,9,509,13.05,16.5,-0.7,24574.2,0.0
NIFTY,07-Aug-2025,17000,put,97.05,0.0,0,38,31.05,0.0,0.0,24574.2,0.0
NIFTY,07-Aug-2025,17000,put,94.05,0.0,0,189,54.6,0.0,0.0,24574.2,0.0
NIFTY,07-Aug-2025,18000,call,6750.0,0.0,0,250,6630.35,6769.55,0.0,24574.2,0.0
NIFTY,07-Aug-2025,18000,put,5.4,33.58,5,376,4.65,5.3,0.3,24574.2,0.0
NIFTY,07-Aug-2025,18000,call,7000.0,0.0,1,799,6900.0,7000.0,3.25,24574.2,0.0
NIFTY,07-Aug-2025,18000,put,17.05,25.45,26,1757,16.6,17.45,0.4,24574.2,0.0
NIFTY,07-Aug-2025,18000,put,132.0,0.0,0,79,46.85,0.0,0.0,24574.2,0.0
NIFTY,07-Aug-2025,18000,put,93.95,0.0,0,1,66.75,0.0,0.0,24574.2,0.0
NIFTY,07-Aug-2025,18000,put,95.1,0.0,0,163,91.0,0.0,0.0,24574.2,0.0
NIFTY,07-Aug-2025,18000,put,250.0,0.0,0,1,130.35,0.0,0.0,24574.2,0.0
NIFTY,07-Aug-2025,19000,call,6003.0,0.0,0,49,5465.45,5781.0,0.0,24574.2,0.0
NIFTY,07-Aug-2025,19000,put,7.5,29.67,44,2135,6.75,7.45,0.15,24574.2,0.0
NIFTY,07-Aug-2025,19000,call,6235.0,0.0,0,141,5800.0,6019.95,2.55,24574.2,0.0
NIFTY,07-Aug-2025,19000,put,24.2,23.13,148,2032,23.6,24.9,0.4,24574.2,0.0
NIFTY,07-Aug-2025,19000,put,205.7,0.0,0,3,45.15,0.0,0.0,24574.2,0.0
NIFTY,07-Aug-2025,19000,put,158.95,0.0,0,24,81.2,0.0,0.0,24574.2,0.0
NIFTY,07-Aug-2025,19000,put,182.1,0.0,0,8,123.85,0.0,0.0,24574.2,0.0
NIFTY,07-Aug-2025,19000,put,299.95,0.0,0,7,106.05,0.0,0.0,24574.2,0.0
NIFTY,07-Aug-2025,20000,call,4708.5,0.0,26,1518,4702.9,4722.6,-83.65,24574.2,0.0
NIFTY,07-Aug-2025,20000,put,10.95,25.91,192,7597,10.5,10.95,0.9,24574.2,0.0
NIFTY,07-Aug-2025,20000,call,5021.0,0.0,61,3679,5005.0,5020.0,-89.85,24574.2,0.0
NIFTY,07-Aug-2025,20000,put,34.75,20.85,518,10856,34.85,36.0,-0.3,24574.2,0.0
NIFTY,07-Aug-2025,20000,put,161.0,20.16,7,187,160.5,168.0,0.0,24574.2,0.0
NIFTY,07-Aug-2025,20000,put,251.9,0.0,0,52,225.05,0.0,0.0,24574.2,0.0
NIFTY,07-Aug-2025,20000,put,358.0,0.0,0,14,230.05,0.0,0.0,24574.2,0.0
NIFTY,07-Aug-2025,21000,call,3742.0,0.0,26,5458,3722.2,3742.75,-79.65,24574.2,0.0
NIFTY,07-Aug-2025,21000,put,15.35,21.92,247,9334,14.0,15.4,2.3,24574.2,0.0
NIFTY,07-Aug-2025,21000,call,4065.0,0.0,28,2586,4063.0,4065.0,-105.0,24574.2,0.0
NIFTY,07-Aug-2025,21000,put,48.95,18.46,3770,12759,47.8,49.0,1.25,24574.2,0.0
NIFTY,07-Aug-2025,21000,put,93.95,18.31,50,426,90.95,94.0,4.1,24574.2,0.0
NIFTY,07-Aug-2025,21000,put,160.0,19.23,1,4711,155.3,169.2,0.0,24574.2,0.0
NIFTY,07-Aug-2025,21000,put,234.95,19.67,27,261,218.0,243.0,13.65,24574.2,0.0
NIFTY,07-Aug-2025,21000,put,500.0,0.0,0,4,215.05,0.0,0.0,24574.2,0.0
NIFTY,07-Aug-2025,21000,put,296.0,0.0,0,9,300.05,0.0,0.5,24574.2,0.0
NIFTY,07-Aug-2025,21000,put,618.05,0.0,0,16,275.05,0.0,0.0,24574.2,0.0
NIFTY,07-Aug-2025,22000,call,2764.0,0.0,195,2919,2748.45,2762.65,-72.3,24574.2,0.0
NIFTY,07-Aug-2025,22000,put,23.1,17.98,4200,17240,23.05,23.5,2.95,24574.2,0.0
NIFTY,07-Aug-2025,22000,call,3150.45,0.0,138,5890,3128.45,3153.7,-70.95,24574.2,0.0
NIFTY,07-Aug-2025,22000,put,84.8,16.76,7693,20236,83.1,84.9,6.3,24574.2,0.0
NIFTY,07-Aug-2025,22000,put,210.05,0.0,0,33,215.15,252.9,0.0,24574.2,0.0
NIFTY,07-Aug-2025,22000,call,5050.0,0.0,0,9,4355.0,4650.0,-3.35,24574.2,0.0
NIFTY,07-Aug-2025,22000,put,316.0,18.86,57,398,317.0,330.0,-1.45,24574.2,0.0
NIFTY,07-Aug-2025,22000,put,450.0,0.0,0,7,430.05,490.0,12.5,24574.2,0.0
NIFTY,07-Aug-2025,22000,put,520.05,0.0,0,1,315.05,0.0,0.0,24574.2,0.0
NIFTY,07-Aug-2025,22000,put,521.3,0.0,0,2,370.05,0.0,0.0,24574.2,0.0
NIFTY,07-Aug-2025,22800,call,1889.15,0.0,0,1,1728.8,1813.85,0.0,24574.2,0.0
NIFTY,07-Aug-2025,22800,put,0.35,49.67,111810,45520,0.35,0.4,-0.2,24574.2,0.0
NIFTY,07-Aug-2025,22800,call,1788.1,0.0,72,69,1772.0,1811.25,-26.65,24574.2,0.0
NIFTY,07-Aug-2025,22800,put,3.3,22.98,32224,24098,3.1,3.3,0.6,24574.2,0.0
NIFTY,07-Aug-2025,22800,put,5.9,18.6,304,284,5.15,5.9,0.3,24574.2,0.0
NIFTY,07-Aug-2025,22800,call,1828.0,0.0,35,2357,1817.6,1843.3,-64.4,24574.2,0.0
NIFTY,07-Aug-2025,22800,put,10.3,17.1,4763,17834,10.05,10.3,2.35,24574.2,0.0
NIFTY,07-Aug-2025,22800,put,13.9,16.48,55,62,12.3,14.4,2.0,24574.2,0.0
NIFTY,07-Aug-2025,22800,put,40.5,15.36,224,781,41.0,42.0,3.6,24574.2,0.0
NIFTY,07-Aug-2025,22800,put,74.6,15.45,766,549,74.5,82.9,-26.9,24574.2,0.0
NIFTY,07-Aug-2025,22850,put,0.4,48.95,38215,10831,0.35,0.4,-0.2,24574.2,0.0
NIFTY,07-Aug-2025,22850,call,1747.55,0.0,1,0,1562.85,1852.8,-53.1,24574.2,0.0
NIFTY,07-Aug-2025,22850,put,3.55,22.63,2413,758,3.0,3.55,0.95,24574.2,0.0
NIFTY,07-Aug-2025,22850,put,6.85,18.57,278,90,5.2,7.7,-5.2,24574.2,0.0
NIFTY,07-Aug-2025,22850,call,2396.2,0.0,0,1,1594.3,1852.7,0.0,24574.2,0.0
NIFTY,07-Aug-2025,22850,put,10.55,16.78,129,473,9.75,14.95,2.05,24574.2,0.0
NIFTY,07-Aug-2025,22850,put,14.0,16.14,1,1,11.8,24.0,-2.85,24574.2,0.0
NIFTY,07-Aug-2025,22850,put,43.35,15.31,5,3,30.6,51.6,-6.9,24574.2,0.0
NIFTY,07-Aug-2025,22850,put,75.2,15.22,59,57,63.65,76.5,-32.25,24574.2,0.0
NIFTY,07-Aug-2025,22900,put,0.4,47.61,57520,6631,0.4,0.45,-0.3,24574.2,0.0
NIFTY,07-Aug-2025,22900,call,1697.9,0.0,1,0,1516.5,1709.55,-53.35,24574.2,0.0
NIFTY,07-Aug-2025,22900,put,3.75,22.22,5204,1714,3.3,3.8,0.9,24574.2,0.0
NIFTY,07-Aug-2025,22900,put,7.1,18.22,169,134,5.4,7.1,1.5,24574.2,0.0
NIFTY,07-Aug-2025,22900,call,1817.25,0.0,0,3,1548.05,1808.4,0.0,24574.2,0.0
NIFTY,07-Aug-2025,22900,put,11.0,16.5,1388,1888,11.0,12.45,2.05,24574.2,0.0
NIFTY,07-Aug-2025,22900,put,45.7,15.19,39,193,43.15,48.3,5.7,24574.2,0.0
NIFTY,07-Aug-2025,22900,put,78.4,15.12,87,70,66.8,89.95,-35.35,24574.2,0.0
NIFTY,07-Aug-2025,22950,call,1674.05,0.0,0,2,1578.25,1682.55,0.0,24574.2,0.0
NIFTY,07-Aug-2025,22950,put,0.5,47.28,47761,19268,0.45,0.5,-0.2,24574.2,0.0
NIFTY,07-Aug-2025,22950,call,1683.95,0.0,0,0,1466.55,1753.25,0.0,24574.2,0.0
NIFTY,07-Aug-2025,22950,put,3.55,21.48,2738,1090,3.2,4.0,0.7,24574.2,0.0
NIFTY,07-Aug-2025,22950,call,1650.0,0.0,0,1,1529.55,1783.15,0.0,24574.2,0.0
NIFTY,07-Aug-2025,22950,put,7.15,17.78,68,93,5.2,7.15,1.9,24574.2,0.0
NIFTY,07-Aug-2025,22950,call,2304.35,0.0,0,1,1501.85,1765.4,0.0,24574.2,0.0
NIFTY,07-Aug-2025,22950,put,12.8,16.54,121,275,10.5,14.1,2.75,24574.2,0.0
NIFTY,07-Aug-2025,22950,put,18.05,16.15,8,16,13.7,27.0,3.05,24574.2,0.0
NIFTY,07-Aug-2025,22950,put,49.1,15.15,33,311,38.1,58.0,2.15,24574.2,0.0
NIFTY,07-Aug-2025,22950,put,81.25,15.0,57,57,69.65,99.25,-39.05,24574.2,0.0
NIFTY,07-Aug-2025,23000,call,1582.7,63.7,165,88,1571.55,1581.55,-73.4,24574.2,0.0
NIFTY,07-Aug-2025,23000,put,0.45,45.45,221838,52274,0.45,0.6,-0.25,24574.2,0.0
NIFTY,07-Aug-2025,23000,call,1591.0,0.0,99,70,1585.4,1594.0,-83.4,24574.2,0.0
NIFTY,07-Aug-2025,23000,put,3.95,21.21,44764,19640,3.95,4.15,1.05,24574.2,0.0
NIFTY,07-Aug-2025,23000,call,1682.55,20.54,24,11,1485.6,1623.5,-578.4,24574.2,0.0
NIFTY,07-Aug-2025,23000,put,7.6,17.5,2270,1585,7.05,8.2,1.6,24574.2,0.0
NIFTY,07-Aug-2025,23000,call,1635.2,0.0,826,13437,1633.25,1640.0,-76.9,24574.2,0.0
NIFTY,07-Aug-2025,23000,put,13.8,16.36,14691,35471,13.1,13.8,3.25,24574.2,0.0
NIFTY,07-Aug-2025,23000,put,20.5,16.17,444,308,18.9,21.0,4.15,24574.2,0.0
NIFTY,07-Aug-2025,23000,call,1796.0,0.0,671,5032,1790.0,1797.15,-75.2,24574.2,0.0
NIFTY,07-Aug-2025,23000,put,51.55,15.03,10752,26835,50.9,51.5,6.35,24574.2,0.0
NIFTY,07-Aug-2025,23000,call,2000.0,0.0,13,14,1807.55,2040.35,-50.0,24574.2,0.0
NIFTY,07-Aug-2025,23000,put,84.35,14.89,1971,1766,83.1,86.0,8.15,24574.2,0.0
NIFTY,07-Aug-2025,23000,call,2260.0,0.0,224,6395,2255.0,2265.3,-79.35,24574.2,0.0
NIFTY,07-Aug-2025,23000,put,161.0,15.46,4920,25474,160.0,161.8,11.65,24574.2,0.0
NIFTY,07-Aug-2025,23000,put,247.35,16.17,89,800,241.25,245.0,14.25,24574.2,0.0
NIFTY,07-Aug-2025,23000,put,255.0,0.0,0,159,305.05,1031.2,0.0,24574.2,0.0
NIFTY,07-Aug-2025,23000,call,4490.0,0.0,0,65,3700.0,4000.0,0.0,24574.2,0.0
NIFTY,07-Aug-2025,23000,put,478.4,18.92,26,394,467.0,478.4,8.4,24574.2,0.0
NIFTY,07-Aug-2025,23000,put,505.0,0.0,0,27,630.05,0.0,0.0,24574.2,0.0
NIFTY,07-Aug-2025,23000,put,670.0,0.0,0,25,490.05,1400.0,0.0,24574.2,0.0
NIFTY,07-Aug-2025,23050,call,1580.65,0.0,0,4,1478.85,1582.9,0.0,24574.2,0.0
NIFTY,07-Aug-2025,23050,put,0.5,44.55,18514,2292,0.5,0.55,-0.25,24574.2,0.0
NIFTY,07-Aug-2025,23050,call,1552.45,0.0,1,0,1395.25,1646.95,-90.35,24574.2,0.0
NIFTY,07-Aug-2025,23050,put,4.05,20.7,1428,636,3.65,4.7,1.15,24574.2,0.0
NIFTY,07-Aug-2025,23050,put,8.45,17.33,43,32,6.65,8.45,-0.5,24574.2,0.0
NIFTY,07-Aug-2025,23050,call,2213.1,0.0,0,1,1410.15,1668.5,0.0,24574.2,0.0
NIFTY,07-Aug-2025,23050,put,14.2,16.03,171,251,12.9,16.0,2.5,24574.2,0.0
NIFTY,07-Aug-2025,23050,put,20.6,15.79,12,9,16.6,35.0,0.15,24574.2,0.0
NIFTY,07-Aug-2025,23050,put,52.25,14.77,42,137,51.05,0.0,1.4,24574.2,0.0
NIFTY,07-Aug-2025,23050,put,91.3,14.95,398,338,80.65,109.45,4.15,24574.2,0.0
NIFTY,07-Aug-2025,23100,call,1501.05,76.62,11,17,1429.3,1482.6,-298.95,24574.2,0.0
NIFTY,07-Aug-2025,23100,put,0.5,43.19,55817,9032,0.55,0.65,-0.25,24574.2,0.0
NIFTY,07-Aug-2025,23100,call,1501.85,0.0,1,1,1368.55,1509.2,-166.7,24574.2,0.0
NIFTY,07-Aug-2025,23100,put,4.6,20.49,10160,2553,4.15,4.6,1.6,24574.2,0.0
NIFTY,07-Aug-2025,23100,put,8.8,16.98,472,237,8.25,9.3,-0.05,24574.2,0.0
NIFTY,07-Aug-2025,23100,call,1697.4,0.0,0,81,1367.8,1578.7,0.0,24574.2,0.0
NIFTY,07-Aug-2025,23100,put,16.1,16.0,975,1899,13.8,16.0,3.7,24574.2,0.0
NIFTY,07-Aug-2025,23100,put,22.05,15.62,13,9,20.5,25.0,1.95,24574.2,0.0
NIFTY,07-Aug-2025,23100,call,1894.05,0.0,0,1,1583.65,1762.65,0.0,24574.2,0.0
NIFTY,07-Aug-2025,23100,put,56.3,14.73,178,1031,30.2,65.0,5.85,24574.2,0.0
NIFTY,07-Aug-2025,23100,put,95.15,14.85,684,513,84.75,113.1,19.25,24574.2,0.0
NIFTY,07-Aug-2025,23150,call,1450.3,74.01,3,8,1380.1,1483.9,-119.25,24574.2,0.0
NIFTY,07-Aug-2025,23150,put,0.6,42.6,32398,3353,0.6,0.65,-0.2,24574.2,0.0
NIFTY,07-Aug-2025,23150,call,1452.9,0.0,1,1,1322.65,1553.1,-47.6,24574.2,0.0
NIFTY,07-Aug-2025,23150,put,4.3,19.7,2473,664,4.45,5.15,1.3,24574.2,0.0
NIFTY,07-Aug-2025,23150,put,8.65,16.47,58,66,7.4,11.4,-0.6,24574.2,0.0
NIFTY,07-Aug-2025,23150,call,1501.85,0.0,1,4,1279.7,1555.1,-733.15,24574.2,0.0
NIFTY,07-Aug-2025,23150,put,16.85,15.72,100,243,14.15,17.5,3.2,24574.2,0.0
NIFTY,07-Aug-2025,23150,put,21.55,15.16,3,8,17.65,36.0,0.55,24574.2,0.0
NIFTY,07-Aug-2025,23150,call,1851.0,0.0,0,1,1309.7,1752.55,0.0,24574.2,0.0
NIFTY,07-Aug-2025,23150,put,55.0,0.0,0,81,48.5,63.55,-0.45,24574.2,0.0
NIFTY,07-Aug-2025,23150,put,99.05,14.75,444,296,87.8,117.6,5.15,24574.2,0.0
NIFTY,07-Aug-2025,23200,call,1433.25,88.85,7,22,1329.55,1380.7,32.25,24574.2,0.0
NIFTY,07-Aug-2025,23200,put,0.55,40.85,56357,11966,0.6,0.65,-0.25,24574.2,0.0
NIFTY,07-Aug-2025,23200,call,1400.25,0.0,4,7,1298.2,1409.1,-44.75,24574.2,0.0
NIFTY,07-Aug-2025,23200,put,5.3,19.71,23449,10149,4.65,5.4,1.95,24574.2,0.0
NIFTY,07-Aug-2025,23200,put,9.3,16.2,621,508,8.5,9.95,1.3,24574.2,0.0
NIFTY,07-Aug-2025,23200,call,1499.25,0.0,13,60,1416.15,1457.65,5.25,24574.2,0.0
NIFTY,07-Aug-2025,23200,put,18.1,15.52,3515,6238,17.8,19.95,3.75,24574.2,0.0
NIFTY,07-Aug-2025,23200,put,24.75,15.2,43,28,20.8,28.25,2.75,24574.2,0.0
NIFTY,07-Aug-2025,23200,call,1799.9,0.0,0,18,1560.1,1630.35,0.0,24574.2,0.0
NIFTY,07-Aug-2025,23200,put,62.5,14.5,1026,3114,60.0,64.5,5.35,24574.2,0.0
NIFTY,07-Aug-2025,23200,put,103.95,14.69,1348,544,90.4,109.95,7.95,24574.2,0.0
NIFTY,07-Aug-2025,23250,call,1366.6,78.82,1,4,1280.15,1383.7,-145.0,24574.2,0.0
NIFTY,07-Aug-2025,23250,put,0.55,39.47,30917,3012,0.6,0.7,-0.25,24574.2,0.0
NIFTY,07-Aug-2025,23250,call,1349.95,0.0,4,4,1223.9,1464.05,6.9,24574.2,0.0
NIFTY,07-Aug-2025,23250,put,5.25,19.08,2424,579,4.75,5.85,1.8,24574.2,0.0
NIFTY,07-Aug-2025,23250,put,10.45,16.05,108,135,9.2,11.95,1.75,24574.2,0.0
NIFTY,07-Aug-2025,23250,call,1391.0,0.0,2,2,1193.0,1459.15,-81.1,24574.2,0.0
NIFTY,07-Aug-2025,23250,put,19.9,15.38,178,364,15.0,20.2,4.55,24574.2,0.0
NIFTY,07-Aug-2025,23250,put,27.0,15.09,4,13,21.1,38.75,-4.0,24574.2,0.0
NIFTY,07-Aug-2025,23250,put,66.0,14.4,35,237,58.0,0.0,6.0,24574.2,0.0
NIFTY,07-Aug-2025,23250,put,106.35,14.51,105,78,88.05,125.2,-59.65,24574.2,0.0
NIFTY,07-Aug-2025,23300,call,1282.0,52.01,4,18,1230.1,1291.1,-21.65,24574.2,0.0
NIFTY,07-Aug-2025,23300,put,0.65,38.77,71675,14808,0.6,0.65,-0.15,24574.2,0.0
NIFTY,07-Aug-2025,23300,call,1295.0,0.0,16,15,1177.0,1422.75,-95.0,24574.2,0.0
NIFTY,07-Aug-2025,23300,put,5.6,18.65,17872,4032,5.65,6.25,1.7,24574.2,0.0
NIFTY,07-Aug-2025,23300,put,11.55,15.85,360,408,9.5,11.75,2.5,24574.2,0.0
NIFTY,07-Aug-2025,23300,call,1357.5,0.0,22,39,1287.45,1360.2,-58.4,24574.2,0.0
NIFTY,07-Aug-2025,23300,put,21.0,15.12,4594,4085,17.65,22.0,4.0,24574.2,0.0
NIFTY,07-Aug-2025,23300,put,27.55,14.74,13,25,24.4,31.65,2.1,24574.2,0.0
NIFTY,07-Aug-2025,23300,put,71.0,14.36,352,745,60.05,130.8,6.85,24574.2,0.0
NIFTY,07-Aug-2025,23300,put,113.65,14.52,2515,1067,99.7,118.85,11.8,24574.2,0.0
NIFTY,07-Aug-2025,23350,call,1308.2,0.0,0,2,1178.75,1282.0,0.0,24574.2,0.0
NIFTY,07-Aug-2025,23350,put,0.65,37.37,38891,2802,0.65,0.7,-0.25,24574.2,0.0
NIFTY,07-Aug-2025,23350,call,1260.95,0.0,1,2,1130.65,1360.2,-70.05,24574.2,0.0
NIFTY,07-Aug-2025,23350,put,6.5,18.48,4256,1138,5.9,6.5,2.35,24574.2,0.0
NIFTY,07-Aug-2025,23350,put,11.7,15.4,37,30,10.3,16.4,1.65,24574.2,0.0
NIFTY,07-Aug-2025,23350,call,1312.5,0.0,1,11,1163.75,1356.65,-76.8,24574.2,0.0
NIFTY,07-Aug-2025,23350,put,23.35,15.02,1140,501,18.7,26.35,4.5,24574.2,0.0
NIFTY,07-Aug-2025,23350,put,29.4,14.55,8,4,22.65,0.0,-1.6,24574.2,0.0
NIFTY,07-Aug-2025,23350,put,76.35,14.33,106,664,45.5,82.0,6.45,24574.2,0.0
NIFTY,07-Aug-2025,23400,call,1180.0,45.52,50,24,1169.0,1181.45,-84.1,24574.2,0.0
NIFTY,07-Aug-2025,23400,put,0.7,36.26,122660,15687,0.65,0.8,-0.2,24574.2,0.0
NIFTY,07-Aug-2025,23400,call,1193.35,0.0,32,33,1174.35,1200.5,2.2,24574.2,0.0
NIFTY,07-Aug-2025,23400,put,6.85,18.01,27037,9119,6.8,7.25,2.25,24574.2,0.0
NIFTY,07-Aug-2025,23400,put,11.95,14.97,233,256,11.5,16.25,0.5,24574.2,0.0
NIFTY,07-Aug-2025,23400,call,1248.6,0.0,5,100,1235.7,1299.15,-81.85,24574.2,0.0
NIFTY,07-Aug-2025,23400,put,25.6,14.88,5958,4602,25.6,26.25,5.35,24574.2,0.0
NIFTY,07-Aug-2025,23400,put,31.7,14.39,12,13,33.9,0.0,2.9,24574.2,0.0
NIFTY,07-Aug-2025,23400,call,1535.0,0.0,0,3,1388.75,1476.15,0.0,24574.2,0.0
NIFTY,07-Aug-2025,23400,put,80.5,14.22,1857,2010,78.55,96.1,8.8,24574.2,0.0
NIFTY,07-Aug-2025,23400,put,121.85,14.27,4091,2289,117.15,127.8,9.85,24574.2,0.0
NIFTY,07-Aug-2025,23450,call,1148.0,59.83,5,6,1080.2,1183.05,-67.4,24574.2,0.0
NIFTY,07-Aug-2025,23450,put,0.6,34.27,62678,4624,0.65,0.85,-0.4,24574.2,0.0
NIFTY,07-Aug-2025,23450,call,1148.0,0.0,5,6,1047.05,1267.3,-87.0,24574.2,0.0
NIFTY,07-Aug-2025,23450,put,7.5,17.64,4477,963,7.5,8.0,2.45,24574.2,0.0
NIFTY,07-Aug-2025,23450,call,1309.55,0.0,0,1,1032.4,1276.25,0.0,24574.2,0.0
NIFTY,07-Aug-2025,23450,put,14.7,15.07,30,15,12.9,19.5,1.95,24574.2,0.0
NIFTY,07-Aug-2025,23450,call,1213.8,0.0,1,15,1069.25,1287.1,5.8,24574.2,0.0
NIFTY,07-Aug-2025,23450,put,27.5,14.67,222,453,25.25,30.75,5.35,24574.2,0.0
NIFTY,07-Aug-2025,23450,put,85.65,14.15,169,333,79.9,91.55,9.7,24574.2,0.0
NIFTY,07-Aug-2025,23500,call,1080.9,43.41,306,556,1073.7,1079.75,-52.45,24574.2,0.0
NIFTY,07-Aug-2025,23500,put,0.8,33.93,458793,81460,0.75,0.8,-0.3,24574.2,0.0
NIFTY,07-Aug-2025,23500,call,1099.8,0.0,160,433,1085.05,1101.35,-65.05,24574.2,0.0
NIFTY,07-Aug-2025,23500,put,8.15,17.25,98869,27555,8.15,8.5,2.6,24574.2,0.0
NIFTY,07-Aug-2025,23500,call,1295.0,0.0,0,4,981.85,1223.0,0.0,24574.2,0.0
NIFTY,07-Aug-2025,23500,put,16.9,14.98,1372,1112,16.15,18.0,3.4,24574.2,0.0
NIFTY,07-Aug-2025,23500,call,1155.0,0.0,371,5557,1151.15,1155.0,-75.25,24574.2,0.0
NIFTY,07-Aug-2025,23500,put,30.9,14.61,28231,17190,30.5,30.9,6.85,24574.2,0.0
NIFTY,07-Aug-2025,23500,put,42.75,14.61,102,232,40.8,42.65,7.95,24574.2,0.0
NIFTY,07-Aug-2025,23500,call,1340.0,0.0,58,277,1334.65,1353.15,-57.6,24574.2,0.0
NIFTY,07-Aug-2025,23500,put,92.0,14.12,9713,12905,89.5,91.85,11.8,24574.2,0.0
NIFTY,07-Aug-2025,23500,call,1510.05,0.0,108,106,1181.25,1510.05,-318.6,24574.2,0.0
NIFTY,07-Aug-2025,23500,put,135.4,14.19,1937,1674,131.1,136.9,12.3,24574.2,0.0
NIFTY,07-Aug-2025,23550,call,1294.55,0.0,0,12,981.15,1083.8,-2.55,24574.2,0.0
NIFTY,07-Aug-2025,23550,put,0.75,32.26,102016,6360,0.8,0.95,-0.35,24574.2,0.0
NIFTY,07-Aug-2025,23550,call,1051.65,0.0,1,3,947.8,1173.95,1.6,24574.2,0.0
NIFTY,07-Aug-2025,23550,put,8.9,16.87,3312,852,8.7,9.6,2.5,24574.2,0.0
NIFTY,07-Aug-2025,23550,put,17.85,14.63,22,16,15.7,27.75,2.5,24574.2,0.0
NIFTY,07-Aug-2025,23550,call,1117.3,0.0,1,13,1074.05,1157.5,0.9,24574.2,0.0
NIFTY,07-Aug-2025,23550,put,33.45,14.42,386,509,30.95,35.9,6.65,24574.2,0.0
NIFTY,07-Aug-2025,23550,call,1604.25,0.0,0,1,1066.15,1357.95,0.0,24574.2,0.0
NIFTY,07-Aug-2025,23550,put,95.05,13.92,60,176,5.2,107.0,9.7,24574.2,0.0
NIFTY,07-Aug-2025,23600,call,977.0,32.19,304,113,974.6,977.0,-52.75,24574.2,0.0
NIFTY,07-Aug-2025,23600,put,0.8,31.05,425697,45814,0.8,0.85,-0.4,24574.2,0.0
NIFTY,07-Aug-2025,23600,call,999.15,0.0,37,38,993.55,1004.15,-30.85,24574.2,0.0
NIFTY,07-Aug-2025,23600,put,9.45,16.39,45917,13811,9.6,10.25,2.45,24574.2,0.0
NIFTY,07-Aug-2025,23600,put,20.7,14.57,305,281,19.85,21.4,4.15,24574.2,0.0
NIFTY,07-Aug-2025,23600,call,1055.0,0.0,28,186,1038.15,1080.6,-84.75,24574.2,0.0
NIFTY,07-Aug-2025,23600,put,36.5,14.26,5321,5135,30.75,36.5,6.35,24574.2,0.0
NIFTY,07-Aug-2025,23600,call,1320.0,0.0,0,4,1224.75,1334.85,0.0,24574.2,0.0
NIFTY,07-Aug-2025,23600,put,103.0,13.93,4047,4676,100.25,105.25,11.65,24574.2,0.0
NIFTY,07-Aug-2025,23600,put,148.15,14.03,288,428,137.25,157.95,17.0,24574.2,0.0
NIFTY,07-Aug-2025,23650,call,928.8,34.98,59,16,881.05,942.55,-82.2,24574.2,0.0
NIFTY,07-Aug-2025,23650,put,0.95,30.22,140722,14748,0.9,1.0,-0.3,24574.2,0.0
NIFTY,07-Aug-2025,23650,call,954.15,0.0,16,21,855.85,1073.4,-8.15,24574.2,0.0
NIFTY,07-Aug-2025,23650,put,11.4,16.3,7074,1235,10.3,11.55,3.5,24574.2,0.0
NIFTY,07-Aug-2025,23650,put,22.35,14.28,61,21,19.1,0.0,0.8,24574.2,0.0
NIFTY,07-Aug-2025,23650,call,1025.6,0.0,4,36,982.2,1057.0,-54.4,24574.2,0.0
NIFTY,07-Aug-2025,23650,put,40.0,14.11,476,495,37.05,42.65,8.0,24574.2,0.0
NIFTY,07-Aug-2025,23650,call,1390.4,0.0,0,3,890.85,1301.4,0.0,24574.2,0.0
NIFTY,07-Aug-2025,23650,put,108.2,13.8,69,508,103.6,122.2,11.9,24574.2,0.0
NIFTY,07-Aug-2025,23700,call,879.75,34.81,95,107,874.7,882.2,-76.55,24574.2,0.0
NIFTY,07-Aug-2025,23700,put,1.0,28.92,383930,47449,1.0,1.1,-0.35,24574.2,0.0
NIFTY,07-Aug-2025,23700,call,900.9,0.0,43,29,796.5,970.0,-74.35,24574.2,0.0
NIFTY,07-Aug-2025,23700,put,12.05,15.79,54644,15596,12.1,12.65,3.15,24574.2,0.0
NIFTY,07-Aug-2025,23700,put,24.4,14.02,1123,582,23.2,27.4,3.45,24574.2,0.0
NIFTY,07-Aug-2025,23700,call,984.0,0.0,23,147,948.55,982.25,-24.0,24574.2,0.0
NIFTY,07-Aug-2025,23700,put,44.75,14.05,8047,6142,40.0,44.8,8.6,24574.2,0.0
NIFTY,07-Aug-2025,23700,put,56.1,13.86,49,34,51.5,69.8,9.3,24574.2,0.0
NIFTY,07-Aug-2025,23700,call,1160.0,0.0,2,8,1067.8,1211.5,-52.7,24574.2,0.0
NIFTY,07-Aug-2025,23700,put,114.9,13.73,2752,5389,114.0,117.0,13.75,24574.2,0.0
NIFTY,07-Aug-2025,23700,put,163.1,13.91,243,513,149.05,166.65,20.8,24574.2,0.0
NIFTY,07-Aug-2025,23750,call,830.85,34.49,63,27,780.6,882.4,-81.35,24574.2,0.0
NIFTY,07-Aug-2025,23750,put,1.25,28.22,244467,25915,1.25,1.45,-0.25,24574.2,0.0
NIFTY,07-Aug-2025,23750,call,876.35,12.77,18,29,728.3,962.4,-33.7,24574.2,0.0
NIFTY,07-Aug-2025,23750,put,14.2,15.62,11281,2941,13.15,14.3,4.4,24574.2,0.0
NIFTY,07-Aug-2025,23750,put,26.95,13.79,55,62,21.55,39.7,3.75,24574.2,0.0
NIFTY,07-Aug-2025,23750,call,932.8,0.0,9,23,922.45,964.6,-66.85,24574.2,0.0
NIFTY,07-Aug-2025,23750,put,45.0,13.56,1384,733,45.15,50.15,5.75,24574.2,0.0
NIFTY,07-Aug-2025,23750,call,1272.15,0.0,0,4,912.85,1181.05,0.0,24574.2,0.0
NIFTY,07-Aug-2025,23750,put,119.55,13.55,45,345,113.45,130.15,11.4,24574.2,0.0
NIFTY,07-Aug-2025,23800,call,782.0,33.94,103,278,775.65,781.75,-78.2,24574.2,0.0
NIFTY,07-Aug-2025,23800,put,1.65,27.7,523659,67399,1.6,1.65,0.05,24574.2,0.0
NIFTY,07-Aug-2025,23800,call,806.15,0.0,133,225,792.0,818.3,-77.75,24574.2,0.0
NIFTY,07-Aug-2025,23800,put,15.85,15.27,78673,19491,15.15,15.85,4.55,24574.2,0.0
NIFTY,07-Aug-2025,23800,put,30.75,13.68,2714,1167,30.6,32.0,4.9,24574.2,0.0
NIFTY,07-Aug-2025,23800,call,879.9,0.0,135,348,863.3,898.05,-71.7,24574.2,0.0
NIFTY,07-Aug-2025,23800,put,53.0,13.71,9589,10656,53.0,54.0,9.8,24574.2,0.0
NIFTY,07-Aug-2025,23800,call,1068.6,0.0,3,11,1051.4,1095.65,-73.4,24574.2,0.0
NIFTY,07-Aug-2025,23800,put,128.6,13.54,1486,7220,128.5,129.5,14.15,24574.2,0.0
NIFTY,07-Aug-2025,23800,put,180.8,13.84,198,2078,170.05,187.95,18.85,24574.2,0.0
NIFTY,07-Aug-2025,23850,call,732.95,32.98,41,28,718.95,740.25,-72.05,24574.2,0.0
NIFTY,07-Aug-2025,23850,put,1.65,26.13,233485,23671,1.7,1.9,-0.15,24574.2,0.0
NIFTY,07-Aug-2025,23850,call,779.75,12.61,14,19,661.6,823.55,7.2,24574.2,0.0
NIFTY,07-Aug-2025,23850,put,18.2,15.01,16013,2794,17.0,18.5,5.3,24574.2,0.0
NIFTY,07-Aug-2025,23850,call,842.95,0.0,10,29,832.95,874.5,-67.05,24574.2,0.0
NIFTY,07-Aug-2025,23850,put,58.15,13.57,1091,974,58.2,63.05,10.65,24574.2,0.0
NIFTY,07-Aug-2025,23850,call,1086.9,0.0,0,4,930.25,1091.65,0.0,24574.2,0.0
NIFTY,07-Aug-2025,23850,put,139.6,13.59,96,261,134.15,191.0,18.3,24574.2,0.0
NIFTY,07-Aug-2025,23900,call,683.2,31.3,182,83,676.85,682.35,-67.15,24574.2,0.0
NIFTY,07-Aug-2025,23900,put,2.4,25.93,523696,59962,2.15,2.4,0.2,24574.2,0.0
NIFTY,07-Aug-2025,23900,call,710.2,0.0,87,58,693.0,820.05,-42.4,24574.2,0.0
NIFTY,07-Aug-2025,23900,put,19.2,14.44,52973,9587,19.2,20.65,4.35,24574.2,0.0
NIFTY,07-Aug-2025,23900,put,38.85,13.35,2675,1100,36.55,39.95,5.5,24574.2,0.0
NIFTY,07-Aug-2025,23900,call,792.0,0.0,23,128,749.55,811.05,-55.95,24574.2,0.0
NIFTY,07-Aug-2025,23900,put,64.0,13.44,7616,9001,60.65,66.0,11.8,24574.2,0.0
NIFTY,07-Aug-2025,23900,call,1281.7,0.0,0,41,930.6,1081.9,0.0,24574.2,0.0
NIFTY,07-Aug-2025,23900,put,148.5,13.53,1007,3121,146.55,152.7,16.05,24574.2,0.0
NIFTY,07-Aug-2025,23900,call,1198.9,0.0,1,1,902.85,1273.3,-98.8,24574.2,0.0
NIFTY,07-Aug-2025,23900,put,198.0,13.7,412,2121,197.9,202.1,17.0,24574.2,0.0
NIFTY,07-Aug-2025,23950,call,632.2,28.54,71,35,626.85,633.0,-71.8,24574.2,0.0
NIFTY,07-Aug-2025,23950,put,2.7,24.72,317607,19999,2.65,2.9,0.3,24574.2,0.0
NIFTY,07-Aug-2025,23950,call,672.55,7.68,3,9,561.8,668.55,-61.65,24574.2,0.0
NIFTY,07-Aug-2025,23950,put,22.0,14.15,12514,2365,21.5,23.5,4.8,24574.2,0.0
NIFTY,07-Aug-2025,23950,call,709.95,0.0,8,8,568.4,805.95,-686.0,24574.2,0.0
NIFTY,07-Aug-2025,23950,put,38.35,12.68,290,148,42.3,61.0,1.8,24574.2,0.0
NIFTY,07-Aug-2025,23950,call,755.4,0.0,9,29,648.1,807.8,-29.6,24574.2,0.0
NIFTY,07-Aug-2025,23950,put,71.9,13.42,1319,831,65.7,74.9,14.3,24574.2,0.0
NIFTY,07-Aug-2025,23950,call,780.0,0.0,1,0,0.0,871.85,-460.9,24574.2,0.0
NIFTY,07-Aug-2025,23950,put,96.0,0.0,0,1,72.25,108.0,0.0,24574.2,0.0
NIFTY,07-Aug-2025,23950,call,1168.7,0.0,0,6,874.45,1043.75,0.0,24574.2,0.0
NIFTY,07-Aug-2025,23950,put,159.1,13.52,85,279,152.3,167.5,17.45,24574.2,0.0
NIFTY,07-Aug-2025,23950,call,1151.3,0.0,1,1,0.0,1226.5,-343.25,24574.2,0.0
NIFTY,07-Aug-2025,24000,call,579.25,23.7,8052,2659,578.85,581.95,-69.5,24574.2,0.0
NIFTY,07-Aug-2025,24000,put,3.45,23.97,1386680,140334,3.45,3.5,0.65,24574.2,0.0
NIFTY,07-Aug-2025,24000,call,613.75,0.0,2263,1205,611.8,620.0,-64.75,24574.2,0.0
NIFTY,07-Aug-2025,24000,put,26.85,14.11,145773,37455,26.2,26.85,6.65,24574.2,0.0
NIFTY,07-Aug-2025,24000,call,656.8,0.0,250,309,645.3,674.05,-76.3,24574.2,0.0
NIFTY,07-Aug-2025,24000,put,50.0,13.11,5755,2520,47.15,50.3,8.55,24574.2,0.0
NIFTY,07-Aug-2025,24000,call,709.0,0.0,5263,9785,702.0,709.0,-64.95,24574.2,0.0
NIFTY,07-Aug-2025,24000,put,79.8,13.35,50241,53097,78.5,80.0,15.05,24574.2,0.0
NIFTY,07-Aug-2025,24000,call,782.0,9.51,3,3,726.85,820.2,23.5,24574.2,0.0
NIFTY,07-Aug-2025,24000,put,94.5,13.23,483,368,93.7,96.0,16.35,24574.2,0.0
NIFTY,07-Aug-2025,24000,call,926.0,0.0,830,8136,926.0,926.6,-69.4,24574.2,0.0
NIFTY,07-Aug-2025,24000,put,170.0,13.5,12585,28596,169.2,170.85,17.1,24574.2,0.0
NIFTY,07-Aug-2025,24000,call,1097.2,0.0,115,219,1080.55,1106.55,-64.3,24574.2,0.0
NIFTY,07-Aug-2025,24000,put,229.0,13.91,1812,1782,225.0,227.85,23.3,24574.2,0.0
NIFTY,07-Aug-2025,24000,call,1456.0,0.0,619,13204,1451.05,1464.0,-69.85,24574.2,0.0
NIFTY,07-Aug-2025,24000,put,326.0,14.71,7043,43489,326.3,330.0,21.9,24574.2,0.0
NIFTY,07-Aug-2025,24000,call,1865.0,0.0,4,26,1856.2,1900.05,-60.0,24574.2,0.0
NIFTY,07-Aug-2025,24000,put,415.5,15.53,334,1773,415.5,420.0,18.4,24574.2,0.0
NIFTY,07-Aug-2025,24000,call,2425.55,0.0,0,49,2257.25,2636.25,0.0,24574.2,0.0
NIFTY,07-Aug-2025,24000,put,472.1,16.13,9,603,476.3,500.95,2.1,24574.2,0.0
NIFTY,07-Aug-2025,24000,call,3200.0,0.0,0,47,3030.05,3199.95,0.0,24574.2,0.0
NIFTY,07-Aug-2025,24000,put,680.0,18.85,53,429,677.15,699.0,5.0,24574.2,0.0
NIFTY,07-Aug-2025,24000,call,2300.0,0.0,0,8,2300.0,0.0,0.0,24574.2,0.0
NIFTY,07-Aug-2025,24000,put,910.0,0.0,0,16,865.05,955.0,0.0,24574.2,0.0
NIFTY,07-Aug-2025,24000,put,950.0,0.0,0,21,506.05,1000.0,0.0,24574.2,0.0
NIFTY,07-Aug-2025,24000,put,694.05,0.0,0,0,5.3,0.0,0.0,24574.2,0.0
NIFTY,07-Aug-2025,24050,call,533.4,25.64,249,51,529.45,533.95,-73.35,24574.2,0.0
NIFTY,07-Aug-2025,24050,put,4.15,22.95,633204,20804,4.15,4.3,0.95,24574.2,0.0
NIFTY,07-Aug-2025,24050,call,570.5,0.0,4,10,464.1,673.55,-63.25,24574.2,0.0
NIFTY,07-Aug-2025,24050,put,30.3,13.76,16189,2530,28.9,31.25,7.35,24574.2,0.0
NIFTY,07-Aug-2025,24050,call,620.4,6.16,5,5,502.65,730.0,-692.45,24574.2,0.0
NIFTY,07-Aug-2025,24050,put,55.85,12.93,239,459,48.0,64.4,4.95,24574.2,0.0
NIFTY,07-Aug-2025,24050,call,671.45,6.62,10,15,623.85,723.1,-13.85,24574.2,0.0
NIFTY,07-Aug-2025,24050,put,85.7,13.12,1328,797,82.1,91.1,14.85,24574.2,0.0
NIFTY,07-Aug-2025,24050,call,920.0,0.0,0,14,736.7,962.9,0.0,24574.2,0.0
NIFTY,07-Aug-2025,24050,put,179.25,13.4,135,375,162.45,185.0,20.3,24574.2,0.0
NIFTY,07-Aug-2025,24050,call,1065.25,4.72,6,6,803.6,1371.5,-359.75,24574.2,0.0
NIFTY,07-Aug-2025,24050,put,234.95,13.73,9,17,216.9,294.3,10.2,24574.2,0.0
NIFTY,07-Aug-2025,24100,call,482.9,23.32,1516,665,480.1,484.35,-70.5,24574.2,0.0
NIFTY,07-Aug-2025,24100,put,5.0,21.89,1090300,49360,5.0,5.2,1.1,24574.2,0.0
NIFTY,07-Aug-2025,24100,call,527.3,8.37,341,450,512.6,530.45,-66.95,24574.2,0.0
NIFTY,07-Aug-2025,24100,put,33.0,13.25,71505,10163,33.0,34.6,5.7,24574.2,0.0
NIFTY,07-Aug-2025,24100,call,571.85,6.15,26,34,557.45,615.65,-71.15,24574.2,0.0
NIFTY,07-Aug-2025,24100,put,62.45,12.75,2899,1337,59.55,63.0,8.05,24574.2,0.0
NIFTY,07-Aug-2025,24100,call,625.3,6.75,293,469,613.0,631.0,-69.15,24574.2,0.0
NIFTY,07-Aug-2025,24100,put,97.85,13.21,13110,6585,94.55,97.7,18.7,24574.2,0.0
NIFTY,07-Aug-2025,24100,call,872.7,7.59,12,24,658.65,889.5,-36.3,24574.2,0.0
NIFTY,07-Aug-2025,24100,put,191.65,13.4,679,4864,185.7,203.9,19.35,24574.2,0.0
NIFTY,07-Aug-2025,24100,call,1083.7,8.38,7,13,770.75,1103.05,-3.9,24574.2,0.0
NIFTY,07-Aug-2025,24100,put,244.85,13.65,17,83,237.2,269.75,17.85,24574.2,0.0
NIFTY,07-Aug-2025,24150,call,434.1,22.1,966,154,432.85,434.9,-76.9,24574.2,0.0
NIFTY,07-Aug-2025,24150,put,6.65,21.21,772274,22562,6.4,6.65,1.75,24574.2,0.0
NIFTY,07-Aug-2025,24150,call,481.65,8.76,174,44,468.4,494.2,-65.85,24574.2,0.0
NIFTY,07-Aug-2025,24150,put,39.8,13.16,21199,2266,39.8,41.15,7.85,24574.2,0.0
NIFTY,07-Aug-2025,24150,put,68.85,12.51,635,309,65.35,76.65,9.4,24574.2,0.0
NIFTY,07-Aug-2025,24150,call,584.65,7.31,179,97,475.0,620.75,-41.65,24574.2,0.0
NIFTY,07-Aug-2025,24150,put,104.85,12.96,1364,779,100.65,111.5,18.4,24574.2,0.0
NIFTY,07-Aug-2025,24150,call,1021.75,0.0,0,11,710.2,878.4,0.0,24574.2,0.0
NIFTY,07-Aug-2025,24150,put,205.05,13.4,107,166,191.9,220.25,23.25,24574.2,0.0
NIFTY,07-Aug-2025,24150,call,1000.1,6.64,1,1,0.0,1277.0,-357.2,24574.2,0.0
NIFTY,07-Aug-2025,24150,put,259.95,13.69,10,16,235.4,281.2,11.5,24574.2,0.0
NIFTY,07-Aug-2025,24200,call,384.65,20.36,10887,1101,384.95,386.75,-73.35,24574.2,0.0
NIFTY,07-Aug-2025,24200,put,8.5,20.32,1607540,65709,8.35,8.5,2.3,24574.2,0.0
NIFTY,07-Aug-2025,24200,call,435.5,8.72,2355,1489,432.2,437.7,-66.1,24574.2,0.0
NIFTY,07-Aug-2025,24200,put,46.0,12.9,73557,14511,46.0,47.15,8.9,24574.2,0.0
NIFTY,07-Aug-2025,24200,call,481.8,6.9,2601,2532,481.9,495.4,-74.0,24574.2,0.0
NIFTY,07-Aug-2025,24200,put,81.1,12.61,3065,1866,78.2,80.9,13.7,24574.2,0.0
NIFTY,07-Aug-2025,24200,call,546.3,7.79,610,2771,537.25,546.0,-59.1,24574.2,0.0
NIFTY,07-Aug-2025,24200,put,115.15,12.86,15935,13669,115.15,117.0,19.55,24574.2,0.0
NIFTY,07-Aug-2025,24200,call,785.0,7.46,19,50,683.1,804.45,-38.95,24574.2,0.0
NIFTY,07-Aug-2025,24200,put,216.35,13.32,788,4780,206.5,223.9,21.55,24574.2,0.0
NIFTY,07-Aug-2025,24200,call,1015.2,8.82,3,5,888.0,962.45,-82.1,24574.2,0.0
NIFTY,07-Aug-2025,24200,put,271.75,13.63,55,106,258.95,289.0,21.25,24574.2,0.0
NIFTY,07-Aug-2025,24250,call,338.0,19.86,4221,314,337.25,338.9,-73.55,24574.2,0.0
NIFTY,07-Aug-2025,24250,put,10.55,19.23,1379867,27347,10.65,10.8,2.2,24574.2,0.0
NIFTY,07-Aug-2025,24250,call,392.95,9.01,280,115,392.5,397.55,-70.3,24574.2,0.0
NIFTY,07-Aug-2025,24250,put,54.25,12.73,31889,4059,54.0,55.1,10.6,24574.2,0.0
NIFTY,07-Aug-2025,24250,call,520.75,0.0,0,17,447.0,466.6,1.7,24574.2,0.0
NIFTY,07-Aug-2025,24250,put,87.75,12.26,318,147,86.55,103.55,11.5,24574.2,0.0
NIFTY,07-Aug-2025,24250,call,509.05,8.13,217,230,492.6,526.6,-67.9,24574.2,0.0
NIFTY,07-Aug-2025,24250,put,128.0,12.84,2268,1057,126.55,128.55,22.0,24574.2,0.0
NIFTY,07-Aug-2025,24250,call,540.7,0.0,0,1,526.05,609.25,0.0,24574.2,0.0
NIFTY,07-Aug-2025,24250,call,786.4,0.0,0,15,641.4,803.85,0.0,24574.2,0.0
NIFTY,07-Aug-2025,24250,put,228.8,13.25,32,135,217.1,249.85,21.6,24574.2,0.0
NIFTY,07-Aug-2025,24250,call,928.15,7.2,1,1,681.8,1201.05,-363.25,24574.2,0.0
NIFTY,07-Aug-2025,24250,put,286.45,13.64,32,26,262.7,314.35,28.15,24574.2,0.0
NIFTY,07-Aug-2025,24300,call,292.3,19.25,57329,2359,290.6,291.95,-70.65,24574.2,0.0
NIFTY,07-Aug-2025,24300,put,14.0,18.43,2350839,70610,14.0,14.05,3.3,24574.2,0.0
NIFTY,07-Aug-2025,24300,call,355.8,9.62,4862,2354,354.3,356.1,-65.45,24574.2,0.0
NIFTY,07-Aug-2025,24300,put,63.8,12.57,69351,12188,63.85,64.75,11.75,24574.2,0.0
NIFTY,07-Aug-2025,24300,call,412.8,8.49,174,88,402.1,415.0,-56.15,24574.2,0.0
NIFTY,07-Aug-2025,24300,put,101.35,12.3,1865,897,100.25,101.4,14.3,24574.2,0.0
NIFTY,07-Aug-2025,24300,call,460.6,7.64,1367,1114,462.15,474.4,-70.9,24574.2,0.0
NIFTY,07-Aug-2025,24300,put,138.85,12.67,12550,14420,139.25,141.1,22.95,24574.2,0.0
NIFTY,07-Aug-2025,24300,put,156.9,12.66,43,36,155.95,163.65,14.3,24574.2,0.0
NIFTY,07-Aug-2025,24300,call,708.0,7.65,65,64,680.9,710.6,-57.05,24574.2,0.0
NIFTY,07-Aug-2025,24300,put,248.4,13.39,835,4774,245.1,254.4,28.15,24574.2,0.0
NIFTY,07-Aug-2025,24300,call,893.85,7.44,1,1,794.35,968.75,-365.3,24574.2,0.0
NIFTY,07-Aug-2025,24300,put,299.7,13.59,103,151,297.85,314.85,22.3,24574.2,0.0
NIFTY,07-Aug-2025,24350,call,246.25,18.08,38454,1005,245.25,246.25,-68.7,24574.2,0.0
NIFTY,07-Aug-2025,24350,put,18.55,17.57,1810770,34707,18.4,18.55,4.05,24574.2,0.0
NIFTY,07-Aug-2025,24350,call,315.1,9.55,1080,292,315.45,318.95,-67.75,24574.2,0.0
NIFTY,07-Aug-2025,24350,put,75.85,12.5,27257,3009,73.85,75.85,14.8,24574.2,0.0
NIFTY,07-Aug-2025,24350,call,379.3,8.88,44,33,35.2,388.95,-51.05,24574.2,0.0
NIFTY,07-Aug-2025,24350,put,113.65,12.17,481,219,111.35,124.3,17.9,24574.2,0.0
NIFTY,07-Aug-2025,24350,call,437.5,8.57,245,98,420.15,440.5,-58.45,24574.2,0.0
NIFTY,07-Aug-2025,24350,put,154.0,12.66,1248,1067,152.65,154.0,24.1,24574.2,0.0
NIFTY,07-Aug-2025,24350,call,668.65,7.64,5,19,573.2,709.8,-41.35,24574.2,0.0
NIFTY,07-Aug-2025,24350,put,260.6,13.28,67,150,247.35,271.0,27.1,24574.2,0.0
NIFTY,07-Aug-2025,24350,call,848.5,7.26,31,19,618.65,947.05,-378.9,24574.2,0.0
NIFTY,07-Aug-2025,24350,put,310.85,13.49,6,4,289.9,338.1,25.3,24574.2,0.0
NIFTY,07-Aug-2025,24400,call,201.95,17.01,318133,8609,201.15,202.1,-70.05,24574.2,0.0
NIFTY,07-Aug-2025,24400,put,24.65,16.69,3102613,82457,24.55,24.85,4.45,24574.2,0.0
NIFTY,07-Aug-2025,24400,call,277.95,9.62,11036,2913,278.4,279.0,-64.15,24574.2,0.0
NIFTY,07-Aug-2025,24400,put,88.5,12.34,123144,15422,87.6,88.6,16.25,24574.2,0.0
NIFTY,07-Aug-2025,24400,call,340.0,8.75,246,104,335.2,348.0,-54.55,24574.2,0.0
NIFTY,07-Aug-2025,24400,put,128.0,12.09,2760,1287,127.2,131.0,17.15,24574.2,0.0
NIFTY,07-Aug-2025,24400,call,400.2,8.55,2608,1034,398.05,403.0,-56.85,24574.2,0.0
NIFTY,07-Aug-2025,24400,put,169.45,12.61,12876,11852,169.0,169.45,26.45,24574.2,0.0
NIFTY,07-Aug-2025,24400,put,187.05,12.58,52,44,184.15,190.0,27.4,24574.2,0.0
NIFTY,07-Aug-2025,24400,call,639.7,7.97,215,178,622.45,641.7,-53.85,24574.2,0.0
NIFTY,07-Aug-2025,24400,put,274.75,13.2,809,3266,274.25,277.6,27.85,24574.2,0.0
NIFTY,07-Aug-2025,24400,call,815.65,7.46,47,38,585.35,841.7,-53.2,24574.2,0.0
NIFTY,07-Aug-2025,24400,put,327.0,13.49,9,7,325.15,354.85,-140.5,24574.2,0.0
NIFTY,07-Aug-2025,24450,call,159.75,15.95,300097,6302,159.65,160.55,-66.4,24574.2,0.0
NIFTY,07-Aug-2025,24450,put,32.65,15.73,2602711,41152,32.65,33.0,4.95,24574.2,0.0
NIFTY,07-Aug-2025,24450,call,246.8,9.97,3590,646,243.75,246.95,-61.1,24574.2,0.0
NIFTY,07-Aug-2025,24450,put,101.85,12.1,41044,3421,101.9,104.3,16.4,24574.2,0.0
NIFTY,07-Aug-2025,24450,call,308.75,8.98,126,66,283.45,316.95,-49.7,24574.2,0.0
NIFTY,07-Aug-2025,24450,put,146.25,12.15,556,252,142.4,146.25,21.65,24574.2,0.0
NIFTY,07-Aug-2025,24450,call,370.25,8.81,450,221,356.4,375.0,-54.0,24574.2,0.0
NIFTY,07-Aug-2025,24450,put,189.95,12.74,2182,1081,184.45,187.4,32.75,24574.2,0.0
NIFTY,07-Aug-2025,24450,put,199.7,12.38,2,2,201.0,217.8,-31.35,24574.2,0.0
NIFTY,07-Aug-2025,24450,call,636.2,0.0,0,18,586.6,629.25,0.0,24574.2,0.0
NIFTY,07-Aug-2025,24450,put,294.35,13.27,121,171,277.55,306.7,30.9,24574.2,0.0
NIFTY,07-Aug-2025,24450,put,347.4,13.58,4,4,326.25,374.1,-138.55,24574.2,0.0
NIFTY,07-Aug-2025,24500,call,122.0,15.24,1620162,37705,121.6,122.2,-66.2,24574.2,0.0
NIFTY,07-Aug-2025,24500,put,44.6,14.98,5682354,108049,44.6,45.0,6.75,24574.2,0.0
NIFTY,07-Aug-2025,24500,call,214.0,9.96,50729,9204,212.0,213.95,-54.65,24574.2,0.0
NIFTY,07-Aug-2025,24500,put,120.1,12.08,155315,21663,120.3,121.35,19.5,24574.2,0.0
NIFTY,07-Aug-2025,24500,call,274.75,8.94,3038,1520,274.55,277.85,-57.2,24574.2,0.0
NIFTY,07-Aug-2025,24500,put,165.0,12.14,7171,2205,162.15,166.0,24.55,24574.2,0.0
NIFTY,07-Aug-2025,24500,call,337.65,8.85,26409,12830,335.0,338.0,-48.65,24574.2,0.0
NIFTY,07-Aug-2025,24500,put,203.6,12.5,65949,46758,203.1,205.5,28.45,24574.2,0.0
NIFTY,07-Aug-2025,24500,call,380.85,8.86,206,300,377.55,384.65,-48.5,24574.2,0.0
NIFTY,07-Aug-2025,24500,put,221.25,12.49,489,403,220.8,222.5,30.7,24574.2,0.0
NIFTY,07-Aug-2025,24500,call,581.0,8.39,4686,5748,573.0,579.5,-44.5,24574.2,0.0
NIFTY,07-Aug-2025,24500,put,315.15,13.35,11980,15618,312.05,315.45,31.4,24574.2,0.0
NIFTY,07-Aug-2025,24500,call,746.8,7.66,370,921,746.8,758.5,-63.55,24574.2,0.0
NIFTY,07-Aug-2025,24500,put,365.95,13.61,836,1257,358.75,369.45,29.9,24574.2,0.0
NIFTY,07-Aug-2025,24550,call,89.4,14.74,2598053,53323,88.6,89.3,-61.2,24574.2,0.0
NIFTY,07-Aug-2025,24550,put,62.0,14.5,5202067,69452,61.65,62.0,11.05,24574.2,0.0
NIFTY,07-Aug-2025,24550,call,181.0,9.76,33725,4386,181.05,183.15,-55.4,24574.2,0.0
NIFTY,07-Aug-2025,24550,put,141.6,12.13,58784,5586,140.55,141.4,24.5,24574.2,0.0
NIFTY,07-Aug-2025,24550,call,242.15,8.86,1059,350,242.35,250.0,-55.25,24574.2,0.0
NIFTY,07-Aug-2025,24550,put,180.0,11.87,1423,598,181.3,187.0,20.95,24574.2,0.0
NIFTY,07-Aug-2025,24550,call,309.25,8.99,3106,1126,303.3,310.0,-49.4,24574.2,0.0
NIFTY,07-Aug-2025,24550,put,223.95,12.51,4353,1633,222.0,223.95,31.35,24574.2,0.0
NIFTY,07-Aug-2025,24550,call,361.15,9.35,7,0,344.2,361.6,-575.85,24574.2,0.0
NIFTY,07-Aug-2025,24550,put,240.1,12.46,18,10,238.05,253.55,2.15,24574.2,0.0
NIFTY,07-Aug-2025,24550,call,543.8,8.3,195,233,491.2,563.55,-50.65,24574.2,0.0
NIFTY,07-Aug-2025,24550,put,329.9,13.24,217,386,324.45,341.7,36.65,24574.2,0.0
NIFTY,07-Aug-2025,24550,call,700.0,7.38,1,1,495.8,793.25,-405.05,24574.2,0.0
NIFTY,07-Aug-2025,24550,put,367.3,13.23,4,3,367.3,412.65,-156.95,24574.2,0.0
NIFTY,07-Aug-2025,24600,call,62.2,14.32,6809961,152869,62.15,62.7,-55.3,24574.2,0.0
NIFTY,07-Aug-2025,24600,put,84.95,14.11,8080224,111236,84.65,85.0,16.55,24574.2,0.0
NIFTY,07-Aug-2025,24600,call,155.3,9.88,160818,25661,153.55,155.2,-49.55,24574.2,0.0
NIFTY,07-Aug-2025,24600,put,162.0,11.96,191353,21700,162.0,163.15,25.15,24574.2,0.0
NIFTY,07-Aug-2025,24600,call,217.0,9.05,5099,1575,214.55,217.4,-49.95,24574.2,0.0
NIFTY,07-Aug-2025,24600,put,206.0,12.07,5967,2355,203.3,205.65,28.0,24574.2,0.0
NIFTY,07-Aug-2025,24600,call,277.0,8.88,28994,10338,277.0,280.35,-47.0,24574.2,0.0
NIFTY,07-Aug-2025,24600,put,245.0,12.5,42783,15886,244.5,245.0,33.3,24574.2,0.0
NIFTY,07-Aug-2025,24600,call,323.35,9.05,121,72,320.0,326.45,-48.45,24574.2,0.0
NIFTY,07-Aug-2025,24600,put,259.9,12.41,257,66,256.45,264.0,33.75,24574.2,0.0
NIFTY,07-Aug-2025,24600,call,513.2,8.37,944,740,513.2,519.0,-48.3,24574.2,0.0
NIFTY,07-Aug-2025,24600,put,349.1,13.23,1551,2497,347.9,350.0,32.55,24574.2,0.0
NIFTY,07-Aug-2025,24600,call,680.0,7.79,48,52,680.9,751.7,-41.0,24574.2,0.0
NIFTY,07-Aug-2025,24600,put,402.5,13.62,79,60,395.15,418.65,31.9,24574.2,0.0
NIFTY,07-Aug-2025,24650,call,43.75,14.58,5126127,104591,43.75,44.35,-47.35,24574.2,0.0
NIFTY,07-Aug-2025,24650,put,116.45,14.35,4062735,31394,115.8,116.45,26.45,24574.2,0.0
NIFTY,07-Aug-2025,24650,call,129.05,9.78,67908,8145,129.0,130.45,-49.3,24574.2,0.0
NIFTY,07-Aug-2025,24650,put,186.45,11.9,57908,7110,186.9,189.45,29.15,24574.2,0.0
NIFTY,07-Aug-2025,24650,call,188.4,8.96,1923,524,187.0,193.95,-51.05,24574.2,0.0
NIFTY,07-Aug-2025,24650,put,228.95,12.04,2527,907,224.2,235.0,24.6,24574.2,0.0
NIFTY,07-Aug-2025,24650,call,251.0,8.97,7208,2382,250.0,254.0,-46.35,24574.2,0.0
NIFTY,07-Aug-2025,24650,put,274.25,12.77,7616,1773,267.0,274.3,39.4,24574.2,0.0
NIFTY,07-Aug-2025,24650,put,281.55,12.39,7,6,278.55,300.35,0.3,24574.2,0.0
NIFTY,07-Aug-2025,24650,call,488.1,8.56,131,91,400.0,502.7,-49.8,24574.2,0.0
NIFTY,07-Aug-2025,24650,put,370.0,13.24,151,189,300.05,374.0,35.5,24574.2,0.0
NIFTY,07-Aug-2025,24650,call,678.65,8.59,3,3,559.95,914.6,-31.35,24574.2,0.0
NIFTY,07-Aug-2025,24650,put,420.9,13.6,14,32,200.0,464.55,16.9,24574.2,0.0
NIFTY,07-Aug-2025,24700,call,30.45,14.98,5753965,188116,30.05,30.45,-38.35,24574.2,0.0
NIFTY,07-Aug-2025,24700,put,151.95,14.43,2565612,44663,152.15,152.85,34.65,24574.2,0.0
NIFTY,07-Aug-2025,24700,call,108.5,9.87,154435,26527,108.55,109.35,-43.9,24574.2,0.0
NIFTY,07-Aug-2025,24700,put,215.65,12.02,93051,16651,215.55,217.25,35.3,24574.2,0.0
NIFTY,07-Aug-2025,24700,call,167.15,9.12,4504,1774,166.05,169.8,-46.75,24574.2,0.0
NIFTY,07-Aug-2025,24700,put,254.15,12.03,2944,1376,253.4,260.25,34.25,24574.2,0.0
NIFTY,07-Aug-2025,24700,call,224.0,8.94,40832,17604,223.0,227.15,-44.55,24574.2,0.0
NIFTY,07-Aug-2025,24700,put,288.1,12.35,36313,16962,288.7,292.0,33.0,24574.2,0.0
NIFTY,07-Aug-2025,24700,call,270.2,9.15,97,122,262.55,272.7,-34.45,24574.2,0.0
NIFTY,07-Aug-2025,24700,put,304.35,12.37,97,103,301.95,308.9,32.75,24574.2,0.0
NIFTY,07-Aug-2025,24700,call,457.0,8.55,808,872,456.0,461.05,-42.7,24574.2,0.0
NIFTY,07-Aug-2025,24700,put,387.85,13.16,697,1876,388.6,400.0,33.8,24574.2,0.0
NIFTY,07-Aug-2025,24700,call,628.6,8.18,14,50,618.8,653.9,-39.3,24574.2,0.0
NIFTY,07-Aug-2025,24700,put,432.0,13.41,36,16,409.4,470.45,30.5,24574.2,0.0
NIFTY,07-Aug-2025,24750,call,20.05,15.15,2984730,93214,20.05,20.2,-30.9,24574.2,0.0
NIFTY,07-Aug-2025,24750,put,191.6,14.5,642310,10300,191.55,192.55,42.0,24574.2,0.0
NIFTY,07-Aug-2025,24750,call,89.8,9.92,48773,6988,89.5,91.25,-39.45,24574.2,0.0
NIFTY,07-Aug-2025,24750,put,246.45,12.1,12126,2354,246.45,249.45,38.55,24574.2,0.0
NIFTY,07-Aug-2025,24750,call,146.55,9.21,1448,640,145.25,147.0,-41.8,24574.2,0.0
NIFTY,07-Aug-2025,24750,put,281.5,12.05,333,233,280.0,300.15,36.7,24574.2,0.0
NIFTY,07-Aug-2025,24750,call,200.0,8.95,4555,2068,200.0,205.0,-43.25,24574.2,0.0
NIFTY,07-Aug-2025,24750,put,325.0,12.83,2156,1715,310.1,331.1,46.2,24574.2,0.0
NIFTY,07-Aug-2025,24750,put,324.7,12.22,2,2,322.15,355.5,63.6,24574.2,0.0
NIFTY,07-Aug-2025,24750,call,432.85,8.69,78,97,412.2,447.0,-46.5,24574.2,0.0
NIFTY,07-Aug-2025,24750,put,414.0,13.28,137,220,330.3,434.65,38.15,24574.2,0.0
NIFTY,07-Aug-2025,24750,put,459.95,13.59,2,3,360.85,513.65,14.95,24574.2,0.0
NIFTY,07-Aug-2025,24800,call,13.4,15.55,3732427,157093,13.15,13.35,-23.4,24574.2,0.0
NIFTY,07-Aug-2025,24800,put,235.9,15.08,656895,17893,234.8,235.95,50.6,24574.2,0.0
NIFTY,07-Aug-2025,24800,call,74.1,10.0,131382,25032,73.0,74.1,-35.05,24574.2,0.0
NIFTY,07-Aug-2025,24800,put,279.0,12.16,29879,6910,280.0,282.0,41.15,24574.2,0.0
NIFTY,07-Aug-2025,24800,call,125.6,9.18,3149,1333,125.2,128.0,-40.65,24574.2,0.0
NIFTY,07-Aug-2025,24800,put,312.0,12.15,846,639,309.5,316.0,40.15,24574.2,0.0
NIFTY,07-Aug-2025,24800,call,178.0,8.97,24641,23102,179.2,181.15,-40.45,24574.2,0.0
NIFTY,07-Aug-2025,24800,put,341.8,12.42,14072,18340,342.95,346.2,35.8,24574.2,0.0
NIFTY,07-Aug-2025,24800,call,221.4,9.16,97,108,216.05,228.15,-39.3,24574.2,0.0
NIFTY,07-Aug-2025,24800,put,353.55,12.33,30,61,352.75,368.6,42.15,24574.2,0.0
NIFTY,07-Aug-2025,24800,call,407.4,8.76,1178,1275,400.0,408.05,-40.9,24574.2,0.0
NIFTY,07-Aug-2025,24800,put,438.5,13.33,1139,2936,432.1,437.0,39.8,24574.2,0.0
NIFTY,07-Aug-2025,24800,call,558.25,8.01,4,6,561.85,597.45,-124.85,24574.2,0.0
NIFTY,07-Aug-2025,24800,put,482.15,13.62,121,106,468.55,505.9,33.15,24574.2,0.0
NIFTY,07-Aug-2025,24850,call,9.0,16.01,2355226,72140,8.85,9.0,-16.85,24574.2,0.0
NIFTY,07-Aug-2025,24850,put,280.25,14.77,82484,3575,280.65,282.15,57.1,24574.2,0.0
NIFTY,07-Aug-2025,24850,call,59.35,9.97,41103,5489,59.25,60.25,-31.3,24574.2,0.0
NIFTY,07-Aug-2025,24850,put,316.55,12.45,2704,849,315.7,319.1,48.0,24574.2,0.0
NIFTY,07-Aug-2025,24850,call,108.55,9.24,767,379,108.0,110.0,-36.8,24574.2,0.0
NIFTY,07-Aug-2025,24850,put,346.65,12.39,58,103,341.2,380.75,39.4,24574.2,0.0
NIFTY,07-Aug-2025,24850,call,159.5,9.07,3415,1604,158.0,160.9,-38.7,24574.2,0.0
NIFTY,07-Aug-2025,24850,put,371.9,12.51,520,1413,371.0,380.0,40.95,24574.2,0.0
NIFTY,07-Aug-2025,24850,call,343.5,0.0,0,2,191.55,228.5,-4.6,24574.2,0.0
NIFTY,07-Aug-2025,24850,call,382.1,8.81,69,108,370.0,391.6,-41.1,24574.2,0.0
NIFTY,07-Aug-2025,24850,put,433.6,12.58,43,117,382.0,487.9,15.75,24574.2,0.0
NIFTY,07-Aug-2025,24850,put,503.75,13.63,6,5,344.3,548.75,22.7,24574.2,0.0
NIFTY,07-Aug-2025,24900,call,5.85,16.38,2537849,140604,5.7,5.85,-12.25,24574.2,0.0
NIFTY,07-Aug-2025,24900,put,328.4,15.61,122454,11469,326.95,328.6,58.7,24574.2,0.0
NIFTY,07-Aug-2025,24900,call,47.7,10.01,90307,17371,47.4,48.3,-27.35,24574.2,0.0
NIFTY,07-Aug-2025,24900,put,354.0,12.61,9548,4386,350.25,354.95,50.55,24574.2,0.0
NIFTY,07-Aug-2025,24900,call,93.25,9.29,4662,1783,92.7,94.75,-34.7,24574.2,0.0
NIFTY,07-Aug-2025,24900,put,381.25,12.56,398,558,371.65,395.0,44.5,24574.2,0.0
NIFTY,07-Aug-2025,24900,call,140.15,9.06,15182,18697,140.05,142.95,-35.6,24574.2,0.0
NIFTY,07-Aug-2025,24900,put,397.6,12.36,5791,12437,398.0,409.9,35.85,24574.2,0.0
NIFTY,07-Aug-2025,24900,call,186.25,9.46,29,17,171.65,184.5,-28.45,24574.2,0.0
NIFTY,07-Aug-2025,24900,call,355.85,8.8,675,901,350.8,359.2,-42.05,24574.2,0.0
NIFTY,07-Aug-2025,24900,put,484.55,13.29,325,1144,464.4,490.5,38.1,24574.2,0.0
NIFTY,07-Aug-2025,24900,call,522.0,8.53,47,39,485.55,632.55,-30.6,24574.2,0.0
NIFTY,07-Aug-2025,24900,put,525.0,13.61,3,9,508.05,563.9,18.0,24574.2,0.0
NIFTY,07-Aug-2025,24950,call,4.2,17.11,1593485,79080,4.0,4.15,-8.7,24574.2,0.0
NIFTY,07-Aug-2025,24950,put,375.8,15.07,15188,2232,375.6,376.9,66.1,24574.2,0.0
NIFTY,07-Aug-2025,24950,call,38.6,10.12,40587,4754,38.65,39.0,-23.6,24574.2,0.0
NIFTY,07-Aug-2025,24950,put,393.45,12.8,916,527,393.8,408.2,53.65,24574.2,0.0
NIFTY,07-Aug-2025,24950,call,79.95,9.36,876,405,77.15,83.15,-30.25,24574.2,0.0
NIFTY,07-Aug-2025,24950,put,414.5,12.57,46,31,410.3,445.3,88.3,24574.2,0.0
NIFTY,07-Aug-2025,24950,call,125.1,9.17,3151,2298,122.7,125.3,-32.45,24574.2,0.0
NIFTY,07-Aug-2025,24950,put,441.0,12.92,559,886,427.0,452.65,50.3,24574.2,0.0
NIFTY,07-Aug-2025,24950,call,334.0,8.87,67,107,320.25,363.0,-41.05,24574.2,0.0
NIFTY,07-Aug-2025,24950,put,513.4,13.4,78,273,483.2,522.0,44.7,24574.2,0.0
NIFTY,07-Aug-2025,24950,call,492.7,8.5,6,14,465.85,593.75,-16.6,24574.2,0.0
NIFTY,07-Aug-2025,24950,put,549.75,13.66,14,13,491.45,606.4,25.9,24574.2,0.0
NIFTY,07-Aug-2025,25000,call,2.9,17.68,2537125,244623,2.9,3.05,-6.05,24574.2,0.0
NIFTY,07-Aug-2025,25000,put,424.05,13.1,64694,12436,424.45,426.0,67.0,24574.2,0.0
NIFTY,07-Aug-2025,25000,call,30.5,10.16,161136,32772,30.5,31.0,-20.35,24574.2,0.0
NIFTY,07-Aug-2025,25000,put,434.75,13.05,9541,6172,430.35,438.0,57.0,24574.2,0.0
NIFTY,07-Aug-2025,25000,call,67.15,9.36,9911,4977,66.75,68.65,-25.95,24574.2,0.0
NIFTY,07-Aug-2025,25000,put,446.35,12.43,1488,1088,446.15,469.85,46.9,24574.2,0.0
NIFTY,07-Aug-2025,25000,call,108.45,9.13,70046,79201,108.5,109.0,-31.05,24574.2,0.0
NIFTY,07-Aug-2025,25000,put,471.5,12.87,17683,46234,470.35,475.0,48.65,24574.2,0.0
NIFTY,07-Aug-2025,25000,call,143.75,9.24,944,613,142.0,145.3,-32.4,24574.2,0.0
NIFTY,07-Aug-2025,25000,put,478.5,12.74,58,173,477.4,494.85,52.4,24574.2,0.0
NIFTY,07-Aug-2025,25000,call,313.0,8.94,7084,15379,311.0,314.95,-37.2,24574.2,0.0
NIFTY,07-Aug-2025,25000,put,540.0,13.42,8045,26969,537.3,540.0,43.5,24574.2,0.0
NIFTY,07-Aug-2025,25000,call,474.15,8.69,1083,2074,470.0,472.0,-39.6,24574.2,0.0
NIFTY,07-Aug-2025,25000,put,578.0,13.77,482,1559,572.45,582.45,46.05,24574.2,0.0
NIFTY,07-Aug-2025,25000,call,807.4,7.89,3257,16116,803.5,807.5,-51.45,24574.2,0.0
NIFTY,07-Aug-2025,25000,put,647.5,14.62,4160,29501,647.5,649.4,41.75,24574.2,0.0
NIFTY,07-Aug-2025,25000,call,1230.0,5.77,128,503,1230.0,1237.05,-47.25,24574.2,0.0
NIFTY,07-Aug-2025,25000,put,715.75,15.58,191,1259,714.25,721.0,25.95,24574.2,0.0
NIFTY,07-Aug-2025,25000,call,1670.0,0.0,1,14,1604.6,2098.75,-50.0,24574.2,0.0
NIFTY,07-Aug-2025,25000,put,788.0,16.67,5,209,770.6,792.0,9.0,24574.2,0.0
NIFTY,07-Aug-2025,25000,call,2466.0,0.0,14,412,2450.05,2497.0,-44.0,24574.2,0.0
NIFTY,07-Aug-2025,25000,put,968.0,19.15,19,762,953.05,969.0,46.95,24574.2,0.0
NIFTY,07-Aug-2025,25000,put,1090.0,21.45,3,5,1081.0,0.0,90.0,24574.2,0.0
NIFTY,07-Aug-2025,25000,put,1100.0,0.0,0,41,900.05,1350.0,0.0,24574.2,0.0
NIFTY,07-Aug-2025,25050,call,2.1,18.37,1437184,58316,2.1,2.25,-4.2,24574.2,0.0
NIFTY,07-Aug-2025,25050,put,475.45,17.87,2018,702,472.9,475.55,67.05,24574.2,0.0
NIFTY,07-Aug-2025,25050,call,25.3,10.39,49736,8784,24.5,25.3,-16.1,24574.2,0.0
NIFTY,07-Aug-2025,25050,put,477.45,13.32,285,262,471.0,494.65,64.4,24574.2,0.0
NIFTY,07-Aug-2025,25050,call,56.05,9.36,977,499,48.7,59.9,-25.05,24574.2,0.0
NIFTY,07-Aug-2025,25050,put,434.0,0.0,0,17,442.85,531.55,0.0,24574.2,0.0
NIFTY,07-Aug-2025,25050,call,96.35,9.23,4403,2240,93.4,96.0,-26.8,24574.2,0.0
NIFTY,07-Aug-2025,25050,put,510.6,13.16,135,556,490.85,520.0,59.1,24574.2,0.0
NIFTY,07-Aug-2025,25050,call,290.25,8.93,81,115,269.0,304.25,-36.6,24574.2,0.0
NIFTY,07-Aug-2025,25050,put,548.0,12.94,23,206,519.75,607.75,17.0,24574.2,0.0
NIFTY,07-Aug-2025,25050,call,514.75,0.0,0,11,407.5,474.2,0.0,24574.2,0.0
NIFTY,07-Aug-2025,25050,put,549.45,0.0,0,4,419.3,655.75,0.0,24574.2,0.0
NIFTY,07-Aug-2025,25100,call,1.6,19.16,1407593,102088,1.6,1.7,-2.9,24574.2,0.0
NIFTY,07-Aug-2025,25100,put,524.0,15.67,10770,4415,523.05,525.35,75.1,24574.2,0.0
NIFTY,07-Aug-2025,25100,call,18.75,10.29,112890,21686,18.7,19.1,-14.6,24574.2,0.0
NIFTY,07-Aug-2025,25100,put,521.95,13.69,2816,2008,522.1,531.6,61.05,24574.2,0.0
NIFTY,07-Aug-2025,25100,call,47.85,9.47,4867,2661,47.0,50.6,-21.55,24574.2,0.0
NIFTY,07-Aug-2025,25100,put,530.0,13.11,29,81,407.3,584.35,58.0,24574.2,0.0
NIFTY,07-Aug-2025,25100,call,86.7,9.4,17671,14197,82.25,84.9,-20.75,24574.2,0.0
NIFTY,07-Aug-2025,25100,put,547.9,13.33,1615,7872,535.75,557.0,59.9,24574.2,0.0
NIFTY,07-Aug-2025,25100,call,270.6,8.98,752,928,252.15,281.0,-32.6,24574.2,0.0
NIFTY,07-Aug-2025,25100,put,595.45,13.47,292,583,594.0,655.05,49.4,24574.2,0.0
NIFTY,07-Aug-2025,25100,call,421.0,8.65,24,40,400.0,449.55,-38.5,24574.2,0.0
NIFTY,07-Aug-2025,25100,put,614.95,13.53,2,5,601.55,640.0,62.3,24574.2,0.0
NIFTY,07-Aug-2025,25150,call,1.25,19.99,732529,53950,1.25,1.45,-2.1,24574.2,0.0
NIFTY,07-Aug-2025,25150,put,572.25,0.0,750,722,572.05,575.0,76.4,24574.2,0.0
NIFTY,07-Aug-2025,25150,call,15.9,10.59,43271,8493,15.45,15.9,-10.6,24574.2,0.0
NIFTY,07-Aug-2025,25150,put,567.6,14.11,151,189,560.7,585.6,66.05,24574.2,0.0
NIFTY,07-Aug-2025,25150,call,40.35,9.54,581,281,31.1,43.0,-17.0,24574.2,0.0
NIFTY,07-Aug-2025,25150,put,534.0,10.79,1,4,451.65,666.55,-6.0,24574.2,0.0
NIFTY,07-Aug-2025,25150,call,72.0,9.24,2494,1730,70.0,72.0,-22.9,24574.2,0.0
NIFTY,07-Aug-2025,25150,put,588.05,13.59,41,532,568.4,602.6,64.45,24574.2,0.0
NIFTY,07-Aug-2025,25150,call,250.9,8.99,134,130,214.95,268.4,-35.0,24574.2,0.0
NIFTY,07-Aug-2025,25150,put,610.0,0.0,0,113,608.5,658.35,0.0,24574.2,0.0
NIFTY,07-Aug-2025,25150,call,422.55,9.2,4,11,369.2,433.0,-19.1,24574.2,0.0
NIFTY,07-Aug-2025,25200,call,1.3,21.58,1136177,149879,1.15,1.3,-1.25,24574.2,0.0
NIFTY,07-Aug-2025,25200,put,623.05,0.0,3331,3254,622.15,625.0,71.65,24574.2,0.0
NIFTY,07-Aug-2025,25200,call,12.3,10.64,91721,23641,11.55,12.5,-9.45,24574.2,0.0
NIFTY,07-Aug-2025,25200,put,614.35,14.59,2485,2069,613.75,622.4,68.4,24574.2,0.0
NIFTY,07-Aug-2025,25200,call,33.55,9.58,6019,2419,33.5,34.35,-16.35,24574.2,0.0
NIFTY,07-Aug-2025,25200,put,607.0,13.13,31,73,495.75,670.3,59.3,24574.2,0.0
NIFTY,07-Aug-2025,25200,call,62.7,9.3,24573,36563,61.1,63.45,-19.45,24574.2,0.0
NIFTY,07-Aug-2025,25200,put,630.8,13.94,1860,21497,618.95,631.4,66.15,24574.2,0.0
NIFTY,07-Aug-2025,25200,call,88.85,9.33,143,81,85.75,90.95,-20.1,24574.2,0.0
NIFTY,07-Aug-2025,25200,put,546.3,0.0,0,1,584.3,645.4,0.0,24574.2,0.0
NIFTY,07-Aug-2025,25200,call,231.6,8.99,1322,1637,226.05,233.75,-30.55,24574.2,0.0
NIFTY,07-Aug-2025,25200,put,663.7,13.79,330,646,648.25,663.05,59.25,24574.2,0.0
NIFTY,07-Aug-2025,25200,call,377.2,8.73,89,123,375.3,379.85,-40.5,24574.2,0.0
NIFTY,07-Aug-2025,25250,call,0.9,21.97,444003,42841,0.95,1.1,-1.15,24574.2,0.0
NIFTY,07-Aug-2025,25250,put,671.05,0.0,323,728,670.1,675.55,76.3,24574.2,0.0
NIFTY,07-Aug-2025,25250,call,9.25,10.65,35988,6626,9.25,9.65,-8.15,24574.2,0.0
NIFTY,07-Aug-2025,25250,put,661.1,15.03,253,330,654.05,680.35,75.1,24574.2,0.0
NIFTY,07-Aug-2025,25250,call,27.2,9.57,1060,485,27.2,36.05,-13.1,24574.2,0.0
NIFTY,07-Aug-2025,25250,put,622.25,0.0,0,22,529.6,733.85,0.0,24574.2,0.0
NIFTY,07-Aug-2025,25250,call,54.7,9.37,2733,1990,53.55,55.0,-17.4,24574.2,0.0
NIFTY,07-Aug-2025,25250,put,660.5,13.61,38,645,649.9,686.65,54.95,24574.2,0.0
NIFTY,07-Aug-2025,25250,call,215.65,9.04,202,149,187.45,236.0,-28.2,24574.2,0.0
NIFTY,07-Aug-2025,25250,put,645.0,0.0,0,99,590.1,767.1,0.0,24574.2,0.0
NIFTY,07-Aug-2025,25250,call,358.35,8.8,6,17,310.0,443.95,-28.15,24574.2,0.0
NIFTY,07-Aug-2025,25300,call,1.05,23.83,1079841,121653,0.95,1.0,-0.65,24574.2,0.0
NIFTY,07-Aug-2025,25300,put,722.45,0.0,1775,1700,722.05,725.45,81.5,24574.2,0.0
NIFTY,07-Aug-2025,25300,call,7.7,10.9,82507,17030,7.65,7.85,-6.25,24574.2,0.0
NIFTY,07-Aug-2025,25300,put,709.45,15.63,626,884,704.65,728.65,69.75,24574.2,0.0
NIFTY,07-Aug-2025,25300,call,25.0,9.9,5023,2042,22.5,24.5,-10.2,24574.2,0.0
NIFTY,07-Aug-2025,25300,put,703.9,14.33,3,74,649.6,803.75,30.9,24574.2,0.0
NIFTY,07-Aug-2025,25300,call,47.95,9.46,19279,16848,46.3,48.0,-14.15,24574.2,0.0
NIFTY,07-Aug-2025,25300,put,712.95,14.39,533,7587,698.35,719.5,64.65,24574.2,0.0
NIFTY,07-Aug-2025,25300,call,198.7,9.05,1266,2021,184.1,214.75,-29.45,24574.2,0.0
NIFTY,07-Aug-2025,25300,put,694.7,13.02,48,362,682.45,752.65,24.05,24574.2,0.0
NIFTY,07-Aug-2025,25300,call,336.0,8.78,52,82,326.0,336.9,-30.5,24574.2,0.0
NIFTY,07-Aug-2025,25350,call,0.95,24.92,311422,34816,0.8,0.95,-0.4,24574.2,0.0
NIFTY,07-Aug-2025,25350,put,768.95,0.0,136,314,769.85,775.65,73.25,24574.2,0.0
NIFTY,07-Aug-2025,25350,call,6.15,11.05,23636,4823,5.8,6.15,-5.05,24574.2,0.0
NIFTY,07-Aug-2025,25350,put,758.35,16.29,198,211,753.05,777.1,74.85,24574.2,0.0
NIFTY,07-Aug-2025,25350,call,17.45,9.54,962,559,18.6,20.5,-12.7,24574.2,0.0
NIFTY,07-Aug-2025,25350,put,544.4,0.0,0,1,648.45,838.35,0.0,24574.2,0.0
NIFTY,07-Aug-2025,25350,call,43.2,9.65,1709,1428,37.55,43.45,-11.0,24574.2,0.0
NIFTY,07-Aug-2025,25350,put,746.95,14.19,12,719,732.55,775.85,66.95,24574.2,0.0
NIFTY,07-Aug-2025,25350,call,182.8,9.05,89,102,176.0,194.0,-22.85,24574.2,0.0
NIFTY,07-Aug-2025,25350,put,694.0,0.0,0,66,525.45,878.2,0.0,24574.2,0.0
NIFTY,07-Aug-2025,25400,call,0.75,25.57,527297,60875,0.8,0.85,-0.45,24574.2,0.0
NIFTY,07-Aug-2025,25400,put,825.9,29.59,915,1237,821.2,825.25,80.25,24574.2,0.0
NIFTY,07-Aug-2025,25400,call,4.7,11.12,66399,22433,4.75,5.2,-4.4,24574.2,0.0
NIFTY,07-Aug-2025,25400,put,812.3,17.64,361,571,798.75,818.5,79.2,24574.2,0.0
NIFTY,07-Aug-2025,25400,call,17.0,9.99,2488,1329,16.35,17.5,-426.65,24574.2,0.0
NIFTY,07-Aug-2025,25400,put,745.0,0.0,0,18,658.4,881.35,0.0,24574.2,0.0
NIFTY,07-Aug-2025,25400,call,35.8,9.58,14838,11877,34.2,36.0,-11.25,24574.2,0.0
NIFTY,07-Aug-2025,25400,put,793.5,14.62,132,5248,785.15,813.1,63.6,24574.2,0.0
NIFTY,07-Aug-2025,25400,call,167.2,9.04,1366,1782,161.0,175.0,-29.3,24574.2,0.0
NIFTY,07-Aug-2025,25400,put,792.0,13.98,48,458,740.65,830.0,63.25,24574.2,0.0
NIFTY,07-Aug-2025,25400,put,790.0,13.88,2,0,638.15,940.2,-138.7,24574.2,0.0
NIFTY,07-Aug-2025,25450,call,0.7,26.7,172332,20011,0.7,0.8,-0.3,24574.2,0.0
NIFTY,07-Aug-2025,25450,put,868.75,0.0,119,182,869.6,876.4,75.55,24574.2,0.0
NIFTY,07-Aug-2025,25450,call,4.3,11.53,18721,4108,3.85,4.25,-3.2,24574.2,0.0
NIFTY,07-Aug-2025,25450,put,863.0,18.53,16,67,724.95,935.25,65.8,24574.2,0.0
NIFTY,07-Aug-2025,25450,call,31.1,9.66,2134,929,30.0,31.0,-9.25,24574.2,0.0
NIFTY,07-Aug-2025,25450,put,839.95,15.03,15,157,721.7,933.65,135.7,24574.2,0.0
NIFTY,07-Aug-2025,25450,call,46.8,9.54,138,16,37.6,54.5,-17.4,24574.2,0.0
NIFTY,07-Aug-2025,25450,call,156.05,9.13,142,399,150.0,179.9,-25.55,24574.2,0.0
NIFTY,07-Aug-2025,25450,put,724.75,0.0,0,43,653.6,982.05,0.0,24574.2,0.0
NIFTY,07-Aug-2025,25500,call,0.75,28.24,796686,122869,0.75,0.85,-0.2,24574.2,0.0
NIFTY,07-Aug-2025,25500,put,925.75,32.33,2153,2600,921.25,924.0,78.9,24574.2,0.0
NIFTY,07-Aug-2025,25500,call,3.4,11.65,97200,30307,3.4,3.9,-3.0,24574.2,0.0
NIFTY,07-Aug-2025,25500,put,904.6,18.06,1102,1428,904.75,912.85,66.9,24574.2,0.0
NIFTY,07-Aug-2025,25500,call,11.7,10.14,8170,4822,11.3,12.15,-7.1,24574.2,0.0
NIFTY,07-Aug-2025,25500,put,889.0,15.83,13,52,876.05,1000.9,12.4,24574.2,0.0
NIFTY,07-Aug-2025,25500,call,27.2,9.76,42711,52299,26.65,27.25,-8.25,24574.2,0.0
NIFTY,07-Aug-2025,25500,put,889.0,15.57,1802,23280,884.05,895.95,69.0,24574.2,0.0
NIFTY,07-Aug-2025,25500,call,41.0,9.58,785,554,41.0,41.9,-13.95,24574.2,0.0
NIFTY,07-Aug-2025,25500,put,796.0,0.0,0,3,830.55,913.8,0.0,24574.2,0.0
NIFTY,07-Aug-2025,25500,call,144.0,9.17,9423,12447,143.1,144.55,-25.65,24574.2,0.0
NIFTY,07-Aug-2025,25500,put,870.4,14.37,492,5964,862.5,876.75,56.9,24574.2,0.0
NIFTY,07-Aug-2025,25500,call,264.0,8.89,1850,2786,264.0,267.0,-26.5,24574.2,0.0
NIFTY,07-Aug-2025,25500,put,868.45,14.34,1149,1059,868.5,884.4,64.4,24574.2,0.0
NIFTY,07-Aug-2025,25550,call,0.7,29.33,134660,14464,0.7,0.8,-0.15,24574.2,0.0
NIFTY,07-Aug-2025,25550,put,969.3,0.0,178,146,967.75,976.5,72.85,24574.2,0.0
NIFTY,07-Aug-2025,25550,call,3.4,12.2,24242,3657,2.9,3.4,-1.95,24574.2,0.0
NIFTY,07-Aug-2025,25550,put,952.0,18.38,111,117,921.05,960.95,78.0,24574.2,0.0
NIFTY,07-Aug-2025,25550,call,23.65,9.84,1410,914,23.1,25.5,-7.45,24574.2,0.0
NIFTY,07-Aug-2025,25550,put,926.7,15.43,2,206,826.1,980.85,-24.95,24574.2,0.0
NIFTY,07-Aug-2025,25550,call,132.6,9.2,451,290,119.45,154.65,-23.25,24574.2,0.0
NIFTY,07-Aug-2025,25550,put,872.0,0.0,0,47,803.65,1240.25,0.0,24574.2,0.0
NIFTY,07-Aug-2025,25600,call,0.8,31.1,353954,56750,0.65,0.75,-0.05,24574.2,0.0
NIFTY,07-Aug-2025,25600,put,1023.0,0.0,508,700,1018.25,1026.45,67.85,24574.2,0.0
NIFTY,07-Aug-2025,25600,call,2.9,12.45,57837,19735,2.55,2.9,-1.55,24574.2,0.0
NIFTY,07-Aug-2025,25600,put,1004.5,19.54,397,281,1004.2,1013.05,81.45,24574.2,0.0
NIFTY,07-Aug-2025,25600,call,8.95,10.51,2498,1097,8.1,11.25,-4.15,24574.2,0.0
NIFTY,07-Aug-2025,25600,call,20.9,9.97,12128,9277,20.35,21.5,-5.5,24574.2,0.0
NIFTY,07-Aug-2025,25600,put,986.0,16.56,202,1898,976.25,994.8,82.05,24574.2,0.0
NIFTY,07-Aug-2025,25600,call,121.05,9.2,1554,1943,115.1,123.1,-21.8,24574.2,0.0
NIFTY,07-Aug-2025,25600,put,944.6,14.59,6,194,912.15,958.7,73.65,24574.2,0.0
NIFTY,07-Aug-2025,25650,call,0.7,31.93,119728,13180,0.7,0.75,-0.05,24574.2,0.0
NIFTY,07-Aug-2025,25650,put,1073.3,0.0,37,55,1066.9,1076.85,81.8,24574.2,0.0
NIFTY,07-Aug-2025,25650,call,2.6,12.78,16883,6703,2.35,2.6,-1.2,24574.2,0.0
NIFTY,07-Aug-2025,25650,put,1053.35,20.08,30,32,1045.0,1073.75,65.85,24574.2,0.0
NIFTY,07-Aug-2025,25650,call,18.2,10.06,3467,1964,17.4,20.85,-5.45,24574.2,0.0
NIFTY,07-Aug-2025,25650,put,1025.05,16.46,8,107,938.1,1130.25,145.05,24574.2,0.0
NIFTY,07-Aug-2025,25650,call,28.65,9.86,70,36,24.1,40.0,-332.05,24574.2,0.0
NIFTY,07-Aug-2025,25650,call,110.95,9.23,107,145,100.05,122.55,-17.1,24574.2,0.0
NIFTY,07-Aug-2025,25650,put,776.8,0.0,0,22,788.6,1164.55,0.0,24574.2,0.0
NIFTY,07-Aug-2025,25700,call,0.65,32.95,218710,38980,0.6,0.65,0.0,24574.2,0.0
NIFTY,07-Aug-2025,25700,put,1121.0,0.0,361,289,1120.05,1127.05,77.25,24574.2,0.0
NIFTY,07-Aug-2025,25700,call,2.1,12.91,35088,14184,2.05,2.2,-1.1,24574.2,0.0
NIFTY,07-Aug-2025,25700,put,1101.25,20.44,224,268,1101.9,1123.4,74.4,24574.2,0.0
NIFTY,07-Aug-2025,25700,call,16.0,10.18,14424,10004,15.5,17.95,-4.1,24574.2,0.0
NIFTY,07-Aug-2025,25700,put,1072.0,16.82,69,1533,1070.85,1096.05,54.05,24574.2,0.0
NIFTY,07-Aug-2025,25700,call,100.0,9.2,2219,2155,99.0,100.0,-21.05,24574.2,0.0
NIFTY,07-Aug-2025,25700,put,990.0,13.89,1,134,967.5,1037.75,-1.0,24574.2,0.0
NIFTY,07-Aug-2025,25750,call,0.6,33.93,75972,8312,0.6,0.65,-0.1,24574.2,0.0
NIFTY,07-Aug-2025,25750,put,1171.6,0.0,25,141,1166.95,1177.2,145.45,24574.2,0.0
NIFTY,07-Aug-2025,25750,call,2.1,13.42,6889,2742,2.05,2.2,-0.85,24574.2,0.0
NIFTY,07-Aug-2025,25750,put,1149.8,20.88,1,35,998.05,1159.4,146.4,24574.2,0.0
NIFTY,07-Aug-2025,25750,call,6.25,11.12,66,38,5.1,7.2,-2.55,24574.2,0.0
NIFTY,07-Aug-2025,25750,call,13.95,10.27,1352,990,13.9,17.15,-4.3,24574.2,0.0
NIFTY,07-Aug-2025,25750,put,1113.9,16.84,8,114,1015.4,1208.45,147.35,24574.2,0.0
NIFTY,07-Aug-2025,25750,call,93.4,9.3,321,299,86.6,98.45,-16.55,24574.2,0.0
NIFTY,07-Aug-2025,25750,put,1042.7,14.41,3,73,961.15,1395.3,5.6,24574.2,0.0
NIFTY,07-Aug-2025,25800,call,0.55,34.87,211030,43466,0.5,0.55,-0.1,24574.2,0.0
NIFTY,07-Aug-2025,25800,put,1221.0,0.0,246,311,1216.45,1227.25,79.6,24574.2,0.0
NIFTY,07-Aug-2025,25800,call,1.9,13.74,40597,14168,1.75,1.95,-0.7,24574.2,0.0
NIFTY,07-Aug-2025,25800,put,1199.0,21.43,210,289,1129.55,1209.15,77.95,24574.2,0.0
NIFTY,07-Aug-2025,25800,call,4.55,10.96,2081,1452,4.85,5.35,-3.05,24574.2,0.0
NIFTY,07-Aug-2025,25800,call,12.5,10.42,16686,9595,12.5,13.45,-3.15,24574.2,0.0
NIFTY,07-Aug-2025,25800,put,1166.8,17.56,162,1923,1167.75,1183.45,77.85,24574.2,0.0
NIFTY,07-Aug-2025,25800,call,85.0,9.31,3234,4221,84.15,86.6,-17.05,24574.2,0.0
NIFTY,07-Aug-2025,25800,put,1100.0,15.06,2,153,1048.85,1123.85,38.0,24574.2,0.0
NIFTY,07-Aug-2025,25850,call,0.65,36.75,75524,5766,0.55,0.65,0.05,24574.2,0.0
NIFTY,07-Aug-2025,25850,put,1126.25,0.0,0,12,1252.5,1294.95,0.0,24574.2,0.0
NIFTY,07-Aug-2025,25850,call,1.5,13.81,3023,934,1.6,1.8,-0.75,24574.2,0.0
NIFTY,07-Aug-2025,25850,put,1250.25,22.37,1,23,1081.05,1258.9,34.55,24574.2,0.0
NIFTY,07-Aug-2025,25850,call,5.1,11.56,172,151,4.3,5.1,-1.85,24574.2,0.0
NIFTY,07-Aug-2025,25850,call,11.65,10.65,369,864,10.7,14.3,-2.6,24574.2,0.0
NIFTY,07-Aug-2025,25850,put,1150.95,0.0,0,110,1109.9,1356.5,0.0,24574.2,0.0
NIFTY,07-Aug-2025,25850,call,78.8,9.39,236,318,71.95,85.6,-15.45,24574.2,0.0
NIFTY,07-Aug-2025,25850,put,910.4,0.0,0,88,972.5,1206.85,0.0,24574.2,0.0
NIFTY,07-Aug-2025,25900,call,0.45,36.59,119238,36240,0.45,0.6,-0.1,24574.2,0.0
NIFTY,07-Aug-2025,25900,put,1319.85,0.0,176,113,1316.5,1327.55,76.35,24574.2,0.0
NIFTY,07-Aug-2025,25900,call,1.5,14.29,24810,7142,1.45,1.5,-0.6,24574.2,0.0
NIFTY,07-Aug-2025,25900,put,1290.2,20.8,17,22,1288.05,1308.3,35.2,24574.2,0.0
NIFTY,07-Aug-2025,25900,call,10.6,10.82,7390,5582,10.6,11.5,-2.15,24574.2,0.0
NIFTY,07-Aug-2025,25900,put,1265.0,18.5,11,695,1260.45,1286.7,20.0,24574.2,0.0
NIFTY,07-Aug-2025,25900,call,71.9,9.42,1588,2676,70.0,73.0,-14.55,24574.2,0.0
NIFTY,07-Aug-2025,25900,put,1170.0,14.97,2,127,1180.0,1264.0,27.45,24574.2,0.0
NIFTY,07-Aug-2025,25950,call,0.45,37.8,68670,6634,0.45,0.6,-0.05,24574.2,0.0
NIFTY,07-Aug-2025,25950,put,1346.0,0.0,0,10,1350.65,1390.75,0.0,24574.2,0.0
NIFTY,07-Aug-2025,25950,call,1.6,14.89,2122,704,1.35,1.55,-0.3,24574.2,0.0
NIFTY,07-Aug-2025,25950,put,1352.65,24.24,1,16,1178.85,1358.1,-15.0,24574.2,0.0
NIFTY,07-Aug-2025,25950,call,9.85,11.04,201,634,9.0,10.4,-1.75,24574.2,0.0
NIFTY,07-Aug-2025,25950,put,1300.95,18.01,1,38,1180.35,1325.75,75.95,24574.2,0.0
NIFTY,07-Aug-2025,25950,call,166.55,0.0,0,1,11.0,43.15,0.0,24574.2,0.0
NIFTY,07-Aug-2025,25950,call,66.5,9.49,123,411,62.6,79.2,-15.6,24574.2,0.0
NIFTY,07-Aug-2025,25950,put,1113.9,0.0,0,168,1138.2,1503.9,0.0,24574.2,0.0
NIFTY,07-Aug-2025,26000,call,0.55,39.79,323562,96831,0.5,0.55,0.0,24574.2,0.0
NIFTY,07-Aug-2025,26000,put,1423.0,0.0,789,983,1419.35,1424.75,80.35,24574.2,0.0
NIFTY,07-Aug-2025,26000,call,1.45,15.18,68439,30877,1.35,1.45,-0.35,24574.2,0.0
NIFTY,07-Aug-2025,26000,put,1400.45,24.5,503,843,1399.45,1408.7,74.35,24574.2,0.0
NIFTY,07-Aug-2025,26000,call,3.9,12.25,3230,2583,3.5,3.9,-1.2,24574.2,0.0
NIFTY,07-Aug-2025,26000,put,1345.0,0.0,0,3,1193.55,1501.1,0.0,24574.2,0.0
NIFTY,07-Aug-2025,26000,call,9.6,11.34,27823,60535,9.05,9.6,-1.35,24574.2,0.0
NIFTY,07-Aug-2025,26000,put,1363.1,19.4,1661,18670,1361.5,1372.55,73.7,24574.2,0.0
NIFTY,07-Aug-2025,26000,call,14.3,10.79,499,507,14.0,15.05,-3.55,24574.2,0.0
NIFTY,07-Aug-2025,26000,call,62.0,9.58,16527,26081,62.0,62.5,-12.15,24574.2,0.0
NIFTY,07-Aug-2025,26000,put,1273.45,15.91,434,8645,1272.8,1280.0,64.4,24574.2,0.0
NIFTY,07-Aug-2025,26000,call,133.0,9.04,3061,2922,133.0,135.0,-18.1,24574.2,0.0
NIFTY,07-Aug-2025,26000,put,1209.9,14.89,4,9,1187.2,1264.25,71.3,24574.2,0.0
NIFTY,07-Aug-2025,26000,call,372.05,8.86,5635,30305,371.3,372.0,-28.45,24574.2,0.0
NIFTY,07-Aug-2025,26000,put,1186.55,15.48,1363,18050,1172.45,1187.65,66.75,24574.2,0.0
NIFTY,07-Aug-2025,26000,call,720.0,7.79,171,580,720.0,723.0,-32.95,24574.2,0.0
NIFTY,07-Aug-2025,26000,put,1150.0,15.9,11,67,1124.8,1174.95,16.0,24574.2,0.0
NIFTY,07-Aug-2025,26000,call,1120.0,7.0,1,41,1076.25,0.0,-30.0,24574.2,0.0
NIFTY,07-Aug-2025,26000,put,1152.05,0.0,0,38,1138.5,1204.0,0.0,24574.2,0.0
NIFTY,07-Aug-2025,26000,call,1900.0,0.0,1,93,1873.05,1910.0,0.0,24574.2,0.0
NIFTY,07-Aug-2025,26000,put,1270.0,18.99,21,661,1251.0,1278.0,39.95,24574.2,0.0
NIFTY,07-Aug-2025,26000,put,1100.0,0.0,0,3,1310.0,0.0,0.0,24574.2,0.0
NIFTY,07-Aug-2025,26000,put,1391.75,0.0,0,0,5.1,0.0,0.0,24574.2,0.0
NIFTY,07-Aug-2025,26050,call,0.45,40.19,28132,4757,0.45,0.5,-0.05,24574.2,0.0
NIFTY,07-Aug-2025,26050,put,1250.0,0.0,0,7,1452.3,1490.45,0.0,24574.2,0.0
NIFTY,07-Aug-2025,26050,call,1.2,15.31,2936,1250,1.1,1.2,-0.4,24574.2,0.0
NIFTY,07-Aug-2025,26050,put,1437.6,22.02,1,10,1260.35,1552.6,-17.9,24574.2,0.0
NIFTY,07-Aug-2025,26050,call,3.9,12.63,14,14,3.1,4.0,-212.5,24574.2,0.0
NIFTY,07-Aug-2025,26050,call,9.15,11.59,134,502,7.8,9.65,-0.55,24574.2,0.0
NIFTY,07-Aug-2025,26050,put,1403.25,19.19,1,31,1399.85,1424.25,79.8,24574.2,0.0
NIFTY,07-Aug-2025,26050,call,56.55,9.61,119,146,50.55,62.0,-10.45,24574.2,0.0
NIFTY,07-Aug-2025,26050,put,1275.0,14.69,1,5,1148.6,1573.3,-64.95,24574.2,0.0
NIFTY,07-Aug-2025,26100,call,0.45,41.38,49368,22436,0.45,0.55,-0.05,24574.2,0.0
NIFTY,07-Aug-2025,26100,put,1516.0,0.0,14,24,1515.85,1526.6,71.15,24574.2,0.0
NIFTY,07-Aug-2025,26100,call,1.1,15.61,13477,7707,1.1,1.2,-0.3,24574.2,0.0
NIFTY,07-Aug-2025,26100,put,1455.0,0.0,2,11,1495.0,1608.95,-53.55,24574.2,0.0
NIFTY,07-Aug-2025,26100,call,2.85,12.45,34,19,2.35,3.9,-1.3,24574.2,0.0
NIFTY,07-Aug-2025,26100,call,7.1,11.44,3880,3391,7.25,8.15,-1.9,24574.2,0.0
NIFTY,07-Aug-2025,26100,put,1455.2,19.83,34,500,1449.95,1473.4,76.4,24574.2,0.0
NIFTY,07-Aug-2025,26100,call,50.5,9.59,1239,1658,50.5,54.8,-11.0,24574.2,0.0
NIFTY,07-Aug-2025,26100,put,1100.2,0.0,0,13,1197.8,1411.75,0.0,24574.2,0.0
NIFTY,07-Aug-2025,26150,call,0.45,42.56,27511,2989,0.35,0.55,0.0,24574.2,0.0
NIFTY,07-Aug-2025,26150,put,1281.65,0.0,0,4,1551.75,1592.6,0.0,24574.2,0.0
NIFTY,07-Aug-2025,26150,call,1.0,15.89,2748,1186,1.0,1.1,-0.4,24574.2,0.0
NIFTY,07-Aug-2025,26150,put,1546.95,25.76,1,4,1372.8,1656.05,-13.35,24574.2,0.0
NIFTY,07-Aug-2025,26150,call,3.95,13.41,27,22,2.3,4.2,-0.05,24574.2,0.0
NIFTY,07-Aug-2025,26150,call,6.6,11.63,88,236,6.2,8.0,-1.9,24574.2,0.0
NIFTY,07-Aug-2025,26150,put,1516.0,21.14,2,48,1365.2,1522.0,89.9,24574.2,0.0
NIFTY,07-Aug-2025,26150,call,47.9,9.73,20,109,42.2,58.3,-9.2,24574.2,0.0
NIFTY,07-Aug-2025,26150,put,1309.4,0.0,0,9,1204.7,1684.1,0.0,24574.2,0.0
NIFTY,07-Aug-2025,26200,call,0.4,43.25,57916,21201,0.4,0.5,-0.05,24574.2,0.0
NIFTY,07-Aug-2025,26200,put,1630.0,60.75,10,53,1615.75,1628.85,165.2,24574.2,0.0
NIFTY,07-Aug-2025,26200,call,1.0,16.34,6893,4274,1.0,1.1,-0.3,24574.2,0.0
NIFTY,07-Aug-2025,26200,put,1598.25,26.72,1,5,1583.95,1694.3,90.95,24574.2,0.0
NIFTY,07-Aug-2025,26200,call,3.4,13.5,358,608,2.5,3.35,-0.35,24574.2,0.0
NIFTY,07-Aug-2025,26200,call,6.95,12.06,3163,4783,6.0,6.9,-0.55,24574.2,0.0
NIFTY,07-Aug-2025,26200,put,1564.0,21.49,8,290,1475.1,1571.65,85.7,24574.2,0.0
NIFTY,07-Aug-2025,26200,call,42.5,9.69,2932,2205,42.0,45.0,-9.2,24574.2,0.0
NIFTY,07-Aug-2025,26200,put,1444.75,0.0,0,16,1289.7,1731.85,0.0,24574.2,0.0
NIFTY,07-Aug-2025,26250,call,0.35,43.86,20009,4528,0.35,0.45,-0.1,24574.2,0.0
NIFTY,07-Aug-2025,26250,put,1379.0,0.0,0,7,1651.2,1693.05,0.0,24574.2,0.0
NIFTY,07-Aug-2025,26250,call,1.0,16.78,321,209,1.0,1.05,-0.3,24574.2,0.0
NIFTY,07-Aug-2025,26250,put,1634.05,23.34,1,6,1452.1,1745.6,-25.85,24574.2,0.0
NIFTY,07-Aug-2025,26250,call,2.65,13.41,20,22,2.2,3.55,-0.8,24574.2,0.0
NIFTY,07-Aug-2025,26250,call,5.75,12.03,340,412,5.35,6.95,-1.15,24574.2,0.0
NIFTY,07-Aug-2025,26250,put,1603.35,21.17,1,45,1497.75,1620.95,83.15,24574.2,0.0
NIFTY,07-Aug-2025,26250,call,10.9,11.84,20,15,8.45,10.5,-175.2,24574.2,0.0
NIFTY,07-Aug-2025,26250,call,40.35,9.83,85,168,40.0,54.9,-6.7,24574.2,0.0
NIFTY,07-Aug-2025,26250,put,1177.5,0.0,0,5,1288.3,1787.35,0.0,24574.2,0.0
NIFTY,07-Aug-2025,26300,call,0.5,46.55,60388,14581,0.4,0.5,0.1,24574.2,0.0
NIFTY,07-Aug-2025,26300,put,1725.0,52.9,43,27,1714.3,1728.9,22.6,24574.2,0.0
NIFTY,07-Aug-2025,26300,call,1.0,17.23,3180,1980,0.95,1.0,-0.2,24574.2,0.0
NIFTY,07-Aug-2025,26300,put,1695.0,27.25,17,15,1525.2,1797.1,34.15,24574.2,0.0
NIFTY,07-Aug-2025,26300,call,2.7,13.8,140,102,2.1,2.7,-0.55,24574.2,0.0
NIFTY,07-Aug-2025,26300,call,5.85,12.38,2436,5064,5.1,5.95,-0.4,24574.2,0.0
NIFTY,07-Aug-2025,26300,put,1654.6,21.75,18,141,1647.25,1670.35,78.45,24574.2,0.0
NIFTY,07-Aug-2025,26300,call,37.3,9.91,871,1500,35.1,38.85,-7.75,24574.2,0.0
NIFTY,07-Aug-2025,26300,put,1367.15,0.0,0,6,1460.1,1704.6,0.0,24574.2,0.0
NIFTY,07-Aug-2025,26350,call,0.35,46.15,27884,8867,0.35,0.4,-0.05,24574.2,0.0
NIFTY,07-Aug-2025,26350,put,1479.0,0.0,0,4,1747.0,1793.4,0.0,24574.2,0.0
NIFTY,07-Aug-2025,26350,call,0.9,17.47,640,657,0.9,0.95,-0.2,24574.2,0.0
NIFTY,07-Aug-2025,26350,put,1755.5,30.31,1,4,1569.25,1863.6,51.1,24574.2,0.0
NIFTY,07-Aug-2025,26350,call,2.15,13.75,17,16,1.8,2.5,-0.75,24574.2,0.0
NIFTY,07-Aug-2025,26350,call,5.7,12.65,44,216,4.6,6.2,-0.7,24574.2,0.0
NIFTY,07-Aug-2025,26350,put,1702.15,22.04,1,52,1558.25,1719.55,83.2,24574.2,0.0
NIFTY,07-Aug-2025,26350,call,36.05,10.08,30,99,29.4,36.95,-5.7,24574.2,0.0
NIFTY,07-Aug-2025,26350,put,1370.15,0.0,0,6,1497.95,1852.75,0.0,24574.2,0.0
NIFTY,07-Aug-2025,26400,call,0.35,47.28,35791,9476,0.35,0.45,-0.05,24574.2,0.0
NIFTY,07-Aug-2025,26400,put,1816.0,0.0,10,7,1813.9,1829.8,45.1,24574.2,0.0
NIFTY,07-Aug-2025,26400,call,0.9,17.9,1682,1933,0.9,0.95,-0.2,24574.2,0.0
NIFTY,07-Aug-2025,26400,put,1786.15,25.92,1,2,1756.3,1899.2,25.85,24574.2,0.0
NIFTY,07-Aug-2025,26400,call,2.3,14.21,46,166,2.15,3.05,-0.7,24574.2,0.0
NIFTY,07-Aug-2025,26400,call,4.7,12.6,1711,2839,4.45,5.2,-1.0,24574.2,0.0
NIFTY,07-Aug-2025,26400,put,1741.0,21.58,9,95,1747.1,1769.95,70.1,24574.2,0.0
NIFTY,07-Aug-2025,26400,call,31.7,10.03,422,740,30.8,38.2,-6.6,24574.2,0.0
NIFTY,07-Aug-2025,26400,put,1617.4,0.0,0,8,1498.1,1699.4,-15.8,24574.2,0.0
NIFTY,07-Aug-2025,26450,call,0.3,47.74,17658,4594,0.3,0.4,-0.1,24574.2,0.0
NIFTY,07-Aug-2025,26450,put,1839.7,0.0,0,14,1848.3,1871.9,0.0,24574.2,0.0
NIFTY,07-Aug-2025,26450,call,1.0,18.54,284,321,0.9,1.0,-0.05,24574.2,0.0
NIFTY,07-Aug-2025,26450,put,1841.5,28.22,1,2,1667.1,1959.0,37.6,24574.2,0.0
NIFTY,07-Aug-2025,26450,call,2.0,14.31,9,15,1.7,3.7,-0.8,24574.2,0.0
NIFTY,07-Aug-2025,26450,call,5.45,0.0,0,5,4.0,5.85,0.0,24574.2,0.0
NIFTY,07-Aug-2025,26450,put,1759.7,0.0,0,18,1684.3,1946.9,0.0,24574.2,0.0
NIFTY,07-Aug-2025,26450,call,11.0,0.0,0,3,5.35,9.25,0.0,24574.2,0.0
NIFTY,07-Aug-2025,26450,call,30.2,10.17,45,120,30.05,38.75,-5.9,24574.2,0.0
NIFTY,07-Aug-2025,26450,put,1499.2,0.0,0,5,1545.85,1950.25,0.0,24574.2,0.0
NIFTY,07-Aug-2025,26500,call,0.3,48.86,134930,33566,0.3,0.35,-0.1,24574.2,0.0
NIFTY,07-Aug-2025,26500,put,1922.0,0.0,85,149,1913.5,1922.2,72.35,24574.2,0.0
NIFTY,07-Aug-2025,26500,call,0.85,18.65,9765,10630,0.85,0.9,-0.25,24574.2,0.0
NIFTY,07-Aug-2025,26500,put,1897.4,30.44,41,52,1898.45,1907.1,35.4,24574.2,0.0
NIFTY,07-Aug-2025,26500,call,2.2,14.82,474,1144,2.2,2.25,-0.6,24574.2,0.0
NIFTY,07-Aug-2025,26500,call,4.0,12.92,9034,18416,3.75,4.0,-0.85,24574.2,0.0
NIFTY,07-Aug-2025,26500,put,1850.4,23.32,164,9027,1853.2,1865.45,66.1,24574.2,0.0
NIFTY,07-Aug-2025,26500,call,6.1,12.19,51,70,6.0,6.5,-1.05,24574.2,0.0
NIFTY,07-Aug-2025,26500,call,28.4,10.28,6911,9887,28.15,29.4,-5.95,24574.2,0.0
NIFTY,07-Aug-2025,26500,put,1738.4,18.57,34,1069,1733.1,1744.8,75.3,24574.2,0.0
NIFTY,07-Aug-2025,26500,call,65.05,9.36,1609,1730,65.05,65.95,-10.25,24574.2,0.0
NIFTY,07-Aug-2025,26550,call,0.35,50.66,8484,1633,0.35,0.4,-0.05,24574.2,0.0
NIFTY,07-Aug-2025,26550,put,1984.5,77.39,5,21,1963.25,1978.25,84.85,24574.2,0.0
NIFTY,07-Aug-2025,26550,call,1.0,19.41,741,753,0.9,1.0,-0.1,24574.2,0.0
NIFTY,07-Aug-2025,26550,put,1942.3,29.71,1,1,1762.35,2052.6,143.8,24574.2,0.0
NIFTY,07-Aug-2025,26550,call,2.6,15.48,2,12,1.6,3.5,-0.1,24574.2,0.0
NIFTY,07-Aug-2025,26550,call,4.65,0.0,0,13,3.3,4.8,0.0,24574.2,0.0
NIFTY,07-Aug-2025,26550,put,1886.25,0.0,0,18,1775.45,1917.35,0.0,24574.2,0.0
NIFTY,07-Aug-2025,26550,call,5.9,12.41,4,4,4.4,8.4,-122.6,24574.2,0.0
NIFTY,07-Aug-2025,26550,call,27.5,10.45,32,136,19.55,30.2,-3.65,24574.2,0.0
NIFTY,07-Aug-2025,26550,put,1487.6,0.0,0,9,1635.85,2066.65,0.0,24574.2,0.0
NIFTY,07-Aug-2025,26600,call,0.3,51.07,20733,5761,0.3,0.35,-0.1,24574.2,0.0
NIFTY,07-Aug-2025,26600,put,1944.7,0.0,0,15,2002.35,2041.35,0.0,24574.2,0.0
NIFTY,07-Aug-2025,26600,call,0.95,19.73,962,1425,0.95,1.0,-0.1,24574.2,0.0
NIFTY,07-Aug-2025,26600,put,1994.85,31.05,2,3,1811.3,2007.7,54.2,24574.2,0.0
NIFTY,07-Aug-2025,26600,call,2.25,15.54,19,31,1.7,2.25,-0.25,24574.2,0.0
NIFTY,07-Aug-2025,26600,call,3.4,13.22,635,1840,3.4,4.0,-0.65,24574.2,0.0
NIFTY,07-Aug-2025,26600,put,1951.15,24.32,3,104,1921.95,1967.8,30.8,24574.2,0.0
NIFTY,07-Aug-2025,26600,call,6.1,12.75,3,7,4.4,7.25,-0.45,24574.2,0.0
NIFTY,07-Aug-2025,26600,call,24.95,10.47,896,862,17.0,27.5,-4.95,24574.2,0.0
NIFTY,07-Aug-2025,26600,put,1707.0,0.0,0,4,1688.0,2106.05,0.0,24574.2,0.0
NIFTY,07-Aug-2025,26650,call,0.35,52.89,5594,629,0.35,0.45,-0.05,24574.2,0.0
NIFTY,07-Aug-2025,26650,put,1844.55,0.0,0,8,2045.8,2095.8,-0.3,24574.2,0.0
NIFTY,07-Aug-2025,26650,call,0.9,20.04,617,672,0.85,0.9,-0.15,24574.2,0.0
NIFTY,07-Aug-2025,26650,put,2043.9,31.41,1,2,1825.7,2171.8,31.15,24574.2,0.0
NIFTY,07-Aug-2025,26650,call,2.6,0.0,0,12,1.6,3.5,0.0,24574.2,0.0
NIFTY,07-Aug-2025,26650,call,3.5,13.57,165,214,3.1,4.4,-0.5,24574.2,0.0
NIFTY,07-Aug-2025,26650,put,1814.85,0.0,0,23,1877.3,2153.95,0.0,24574.2,0.0
NIFTY,07-Aug-2025,26650,call,6.2,0.0,0,4,3.4,10.0,0.0,24574.2,0.0
NIFTY,07-Aug-2025,26650,call,25.15,10.73,5,52,23.0,114.5,-4.25,24574.2,0.0
NIFTY,07-Aug-2025,26650,put,1660.4,0.0,0,4,1747.3,2169.7,0.0,24574.2,0.0
NIFTY,07-Aug-2025,26700,call,0.3,53.27,5855,1747,0.3,0.4,-0.1,24574.2,0.0
NIFTY,07-Aug-2025,26700,put,2061.1,0.0,3,36,2112.45,2130.4,-30.7,24574.2,0.0
NIFTY,07-Aug-2025,26700,call,0.9,20.47,170,176,0.8,0.9,-0.1,24574.2,0.0
NIFTY,07-Aug-2025,26700,put,2093.35,31.88,1,2,1886.15,2223.9,30.4,24574.2,0.0
NIFTY,07-Aug-2025,26700,call,2.0,15.99,42,49,1.7,2.35,-0.4,24574.2,0.0
NIFTY,07-Aug-2025,26700,call,3.5,13.86,720,2754,2.9,3.45,-0.1,24574.2,0.0
NIFTY,07-Aug-2025,26700,put,2047.55,24.94,9,267,2041.85,2065.55,47.55,24574.2,0.0
NIFTY,07-Aug-2025,26700,call,5.2,13.01,2,7,3.65,8.0,-0.8,24574.2,0.0
NIFTY,07-Aug-2025,26700,call,20.5,10.52,747,1991,19.25,22.35,-4.8,24574.2,0.0
NIFTY,07-Aug-2025,26700,put,1947.0,0.0,0,39,1824.85,2219.25,0.0,24574.2,0.0
NIFTY,07-Aug-2025,26750,call,0.3,54.36,7256,495,0.3,0.35,-0.1,24574.2,0.0
NIFTY,07-Aug-2025,26750,put,1943.05,0.0,0,6,2145.25,2198.55,0.0,24574.2,0.0
NIFTY,07-Aug-2025,26750,call,0.9,20.89,259,198,0.85,0.9,-0.1,24574.2,0.0
NIFTY,07-Aug-2025,26750,put,2142.45,32.23,1,2,1945.05,2261.05,34.75,24574.2,0.0
NIFTY,07-Aug-2025,26750,call,2.0,16.32,43,170,2.0,2.2,-0.35,24574.2,0.0
NIFTY,07-Aug-2025,26750,call,3.4,14.09,34,345,3.0,3.9,-0.25,24574.2,0.0
NIFTY,07-Aug-2025,26750,put,2082.75,0.0,0,9,1971.45,2238.05,0.0,24574.2,0.0
NIFTY,07-Aug-2025,26750,call,5.45,13.37,1,10,4.25,5.4,0.0,24574.2,0.0
NIFTY,07-Aug-2025,26750,call,21.0,10.8,125,362,12.0,29.0,-4.55,24574.2,0.0
NIFTY,07-Aug-2025,26750,put,1675.6,0.0,0,3,1845.0,2248.35,0.0,24574.2,0.0
NIFTY,07-Aug-2025,26800,call,0.3,55.45,6759,1124,0.3,0.35,-0.1,24574.2,0.0
NIFTY,07-Aug-2025,26800,put,1991.65,0.0,0,10,2196.7,2247.1,-0.2,24574.2,0.0
NIFTY,07-Aug-2025,26800,call,0.9,21.31,396,521,0.8,0.9,-0.1,24574.2,0.0
NIFTY,07-Aug-2025,26800,put,2184.4,30.07,1,2,1990.15,2324.4,31.35,24574.2,0.0
NIFTY,07-Aug-2025,26800,call,2.4,17.01,111,193,1.8,2.1,0.0,24574.2,0.0
NIFTY,07-Aug-2025,26800,call,3.15,14.24,424,2066,3.15,3.3,-0.65,24574.2,0.0
NIFTY,07-Aug-2025,26800,put,2161.2,27.04,2,28,2004.4,2178.2,46.2,24574.2,0.0
NIFTY,07-Aug-2025,26800,call,4.5,13.28,54,151,4.1,4.75,-0.95,24574.2,0.0
NIFTY,07-Aug-2025,26800,put,1777.0,0.0,0,1,1877.6,2322.75,0.0,24574.2,0.0
NIFTY,07-Aug-2025,26850,call,0.3,56.53,4859,1014,0.3,0.35,-0.1,24574.2,0.0
NIFTY,07-Aug-2025,26850,put,2044.55,0.0,0,5,2243.85,2297.35,0.0,24574.2,0.0
NIFTY,07-Aug-2025,26850,call,0.9,21.73,97,145,0.8,0.9,-0.1,24574.2,0.0
NIFTY,07-Aug-2025,26850,put,2246.7,34.69,1,2,2042.3,2376.9,44.25,24574.2,0.0
NIFTY,07-Aug-2025,26850,call,2.65,17.56,70,112,1.6,2.2,0.15,24574.2,0.0
NIFTY,07-Aug-2025,26850,call,3.2,14.55,5,17,2.8,3.95,-1.1,24574.2,0.0
NIFTY,07-Aug-2025,26850,put,1889.3,0.0,0,7,2067.4,2353.75,0.0,24574.2,0.0
NIFTY,07-Aug-2025,26850,call,18.75,11.01,171,622,18.75,35.0,-2.85,24574.2,0.0
NIFTY,07-Aug-2025,26850,put,1759.5,0.0,0,4,1935.3,2196.3,0.9,24574.2,0.0
NIFTY,07-Aug-2025,26900,call,0.3,57.61,9120,3336,0.3,0.4,-0.1,24574.2,0.0
NIFTY,07-Aug-2025,26900,put,2091.4,0.0,0,6,2290.4,2346.35,-0.15,24574.2,0.0
NIFTY,07-Aug-2025,26900,call,0.9,22.14,569,486,0.8,0.9,-0.15,24574.2,0.0
NIFTY,07-Aug-2025,26900,put,2289.0,32.96,1,2,2078.8,2427.8,34.25,24574.2,0.0
NIFTY,07-Aug-2025,26900,call,1.75,17.04,105,65,1.45,1.75,-0.2,24574.2,0.0
NIFTY,07-Aug-2025,26900,call,2.75,14.56,129,164,2.5,3.45,-0.5,24574.2,0.0
NIFTY,07-Aug-2025,26900,put,2197.45,0.0,0,137,2100.85,2278.35,0.0,24574.2,0.0
NIFTY,07-Aug-2025,26900,put,1807.45,0.0,0,11,1982.3,2425.2,0.0,24574.2,0.0
NIFTY,07-Aug-2025,26950,call,0.35,59.48,3066,489,0.3,0.35,-0.05,24574.2,0.0
NIFTY,07-Aug-2025,26950,put,2141.3,0.0,0,6,2343.4,2397.65,-0.15,24574.2,0.0
NIFTY,07-Aug-2025,26950,call,0.9,22.56,245,345,0.8,0.9,-0.1,24574.2,0.0
NIFTY,07-Aug-2025,26950,put,2340.95,34.21,1,2,2109.55,2481.55,30.55,24574.2,0.0
NIFTY,07-Aug-2025,26950,call,1.6,17.19,128,90,1.6,1.8,-0.05,24574.2,0.0
NIFTY,07-Aug-2025,26950,call,3.1,0.0,0,16,2.3,3.0,0.0,24574.2,0.0
NIFTY,07-Aug-2025,26950,put,1557.45,0.0,0,4,2154.0,2458.9,-1.3,24574.2,0.0
NIFTY,07-Aug-2025,26950,put,1850.35,0.0,0,7,2033.75,2477.1,0.0,24574.2,0.0
NIFTY,07-Aug-2025,27000,call,0.3,59.76,138163,21880,0.3,0.35,-0.05,24574.2,0.0
NIFTY,07-Aug-2025,27000,put,2422.0,0.0,19,70,2412.15,2428.9,78.65,24574.2,0.0
NIFTY,07-Aug-2025,27000,call,0.8,22.7,19709,8395,0.75,0.8,-0.15,24574.2,0.0
NIFTY,07-Aug-2025,27000,put,2395.5,36.2,79,101,2296.6,2403.0,78.5,24574.2,0.0
NIFTY,07-Aug-2025,27000,call,2.85,15.18,3124,15011,2.4,2.85,-0.25,24574.2,0.0
NIFTY,07-Aug-2025,27000,put,2349.0,27.79,190,9410,2349.0,2361.2,80.05,24574.2,0.0
NIFTY,07-Aug-2025,27000,call,16.5,11.4,4024,16754,16.25,17.25,-3.5,24574.2,0.0
NIFTY,07-Aug-2025,27000,put,2210.55,21.04,231,5302,2210.3,2224.2,80.8,24574.2,0.0
NIFTY,07-Aug-2025,27000,call,147.5,9.41,6047,29863,147.0,147.6,-11.75,24574.2,0.0
NIFTY,07-Aug-2025,27000,put,1932.0,17.5,593,10611,1918.4,1932.0,80.75,24574.2,0.0
NIFTY,07-Aug-2025,27000,call,385.05,8.62,269,684,382.0,384.2,-16.35,24574.2,0.0
NIFTY,07-Aug-2025,27000,call,1391.95,6.35,27,390,1355.05,1391.0,-37.75,24574.2,0.0
NIFTY,07-Aug-2025,27000,put,1700.0,19.49,24,169,1656.0,1707.0,53.0,24574.2,0.0
NIFTY,07-Aug-2025,27000,put,2492.45,0.0,0,1,1550.0,0.0,0.0,24574.2,0.0
NIFTY,07-Aug-2025,27050,call,0.3,60.83,5954,673,0.3,0.35,-0.1,24574.2,0.0
NIFTY,07-Aug-2025,27050,put,2241.35,0.0,0,6,2418.3,2520.7,0.15,24574.2,0.0
NIFTY,07-Aug-2025,27050,call,0.8,23.11,690,519,0.75,0.8,-0.2,24574.2,0.0
NIFTY,07-Aug-2025,27050,put,2443.05,36.08,1,1,2203.15,2587.25,33.8,24574.2,0.0
NIFTY,07-Aug-2025,27050,call,2.9,15.49,61,246,2.5,3.7,-0.25,24574.2,0.0
NIFTY,07-Aug-2025,27050,put,1653.0,0.0,0,4,2250.2,2560.95,-0.5,24574.2,0.0
NIFTY,07-Aug-2025,27050,put,1947.8,0.0,0,3,2113.6,2577.7,0.0,24574.2,0.0
NIFTY,07-Aug-2025,27100,call,0.3,61.89,14792,4001,0.3,0.4,-0.05,24574.2,0.0
NIFTY,07-Aug-2025,27100,put,2288.85,0.0,0,6,2381.35,2604.6,-0.4,24574.2,0.0
NIFTY,07-Aug-2025,27100,call,0.75,23.37,3159,2705,0.75,0.8,-0.2,24574.2,0.0
NIFTY,07-Aug-2025,27100,put,2499.05,38.43,1,2,2226.3,2592.1,97.55,24574.2,0.0
NIFTY,07-Aug-2025,27100,call,2.75,15.66,30,79,2.5,3.0,-0.2,24574.2,0.0
NIFTY,07-Aug-2025,27100,put,2084.05,0.0,0,4,2297.3,2612.25,0.0,24574.2,0.0
NIFTY,07-Aug-2025,27100,put,1992.3,0.0,0,3,2156.8,2629.65,0.0,24574.2,0.0
NIFTY,07-Aug-2025,27150,call,0.3,62.95,7062,1425,0.3,0.35,-0.1,24574.2,0.0
NIFTY,07-Aug-2025,27150,put,2340.5,0.0,0,7,2515.6,2618.75,-0.3,24574.2,0.0
NIFTY,07-Aug-2025,27150,call,3.2,0.0,0,22,2.25,3.05,0.0,24574.2,0.0
NIFTY,07-Aug-2025,27150,put,2297.7,0.0,0,4,2344.7,2668.15,0.0,24574.2,0.0
NIFTY,07-Aug-2025,27150,put,2041.9,0.0,0,10,2224.45,2681.5,0.0,24574.2,0.0
NIFTY,07-Aug-2025,27200,call,0.25,63.04,41089,4684,0.25,0.3,-0.1,24574.2,0.0
NIFTY,07-Aug-2025,27200,put,2620.0,0.0,67,42,2616.0,2669.95,229.9,24574.2,0.0
NIFTY,07-Aug-2025,27200,call,2.7,16.17,6,46,2.2,3.25,-0.5,24574.2,0.0
NIFTY,07-Aug-2025,27200,put,2370.75,0.0,0,17,2392.7,2715.5,0.0,24574.2,0.0
NIFTY,07-Aug-2025,27200,put,2087.9,0.0,0,3,2249.85,2732.95,0.0,24574.2,0.0
NIFTY,07-Aug-2025,27250,call,0.3,65.07,70980,26659,0.3,0.35,-0.1,24574.2,0.0
NIFTY,07-Aug-2025,27250,put,2442.95,0.0,0,3,2616.75,2720.2,0.0,24574.2,0.0
NIFTY,07-Aug-2025,27250,call,2.3,16.13,10,26,2.3,3.15,-1.2,24574.2,0.0
NIFTY,07-Aug-2025,27250,put,2581.9,0.0,0,3,2440.05,2766.5,0.0,24574.2,0.0
NIFTY,07-Aug-2025,27250,put,2133.7,0.0,0,3,2299.6,2785.75,0.0,24574.2,0.0
NIFTY,07-Aug-2025,27300,call,2.7,16.71,85,157,2.4,2.95,-0.4,24574.2,0.0
NIFTY,07-Aug-2025,27300,put,2585.0,0.0,0,34,2478.4,2764.45,0.0,24574.2,0.0
NIFTY,07-Aug-2025,27300,put,2181.3,0.0,0,3,2341.05,2837.8,0.0,24574.2,0.0
NIFTY,07-Aug-2025,27350,call,2.7,16.98,33,63,2.75,2.85,-0.45,24574.2,0.0
NIFTY,07-Aug-2025,27350,put,2681.5,0.0,0,3,2534.85,2870.4,0.0,24574.2,0.0
NIFTY,07-Aug-2025,27350,put,2228.3,0.0,0,3,2389.9,2889.55,0.0,24574.2,0.0
NIFTY,07-Aug-2025,27400,call,2.4,17.01,2368,6348,2.4,2.8,-0.6,24574.2,0.0
NIFTY,07-Aug-2025,27400,put,2737.65,30.18,11,176,2523.75,2915.15,32.4,24574.2,0.0
NIFTY,07-Aug-2025,27400,put,2283.85,0.0,0,7,2445.75,2941.75,0.0,24574.2,0.0
NIFTY,07-Aug-2025,28000,call,7.8,13.84,1750,11276,7.5,7.95,-1.45,24574.2,0.0
NIFTY,07-Aug-2025,28000,put,3180.4,26.2,47,3711,3184.6,3196.8,59.95,24574.2,0.0
NIFTY,07-Aug-2025,28000,call,62.05,10.28,2339,19437,62.05,62.85,-4.25,24574.2,0.0
NIFTY,07-Aug-2025,28000,put,2795.3,20.23,59,10576,2793.55,2818.3,79.15,24574.2,0.0
NIFTY,07-Aug-2025,28000,call,980.0,7.5,25,181,950.05,1049.5,-30.0,24574.2,0.0
NIFTY,07-Aug-2025,28000,put,2135.0,19.5,4,104,2110.0,2145.0,60.0,24574.2,0.0
NIFTY,07-Aug-2025,29000,call,3.25,15.56,3951,7626,3.25,3.4,-0.9,24574.2,0.0
NIFTY,07-Aug-2025,29000,put,4163.0,31.31,17,7220,4166.85,4181.25,81.45,24574.2,0.0
NIFTY,07-Aug-2025,29000,call,29.5,11.3,1933,9781,29.5,30.55,-3.55,24574.2,0.0
NIFTY,07-Aug-2025,29000,put,3737.35,23.81,16,2410,3733.65,3745.0,78.4,24574.2,0.0
NIFTY,07-Aug-2025,29000,call,106.15,10.03,58,223,105.8,108.0,-6.6,24574.2,0.0
NIFTY,07-Aug-2025,29000,call,700.0,8.44,59,316,677.05,698.0,-25.5,24574.2,0.0
NIFTY,07-Aug-2025,30000,call,2.85,18.33,424,3702,2.6,2.85,-0.1,24574.2,0.0
NIFTY,07-Aug-2025,30000,put,5146.55,36.06,10,430,5146.2,5165.45,79.1,24574.2,0.0
NIFTY,07-Aug-2025,30000,call,18.7,12.7,578,5960,18.7,19.6,-2.5,24574.2,0.0
NIFTY,07-Aug-2025,30000,put,4686.4,27.13,34,1213,4684.7,4713.55,78.7,24574.2,0.0
NIFTY,07-Aug-2025,30000,call,66.0,11.03,47,327,63.1,67.0,-0.55,24574.2,0.0
NIFTY,07-Aug-2025,30000,call,445.0,8.64,12,23,325.0,445.0,-30.05,24574.2,0.0
NIFTY,07-Aug-2025,31000,call,12.65,14.01,302,3247,12.55,13.8,-1.2,24574.2,0.0
