SYMBOL,EXPIRY_DT,STRIKE_PR,OPTION_TYP,SETTLE_PR,OPEN_INT,CHG_IN_OI,VOLUME,TRADE_DATE,UNDERLYING_PRICE,HIGH_PRICE,LOW_PRICE,OPEN_PRICE,CLOSE_PRICE,LAST_PRICE
FINNIFTY,28-10-2025,26100.0,PE,633.7,0,0,0,14-08-2025,26333.45,0.0,0.0,0.0,586.0,0.0
FINNIFTY,28-10-2025,25100.0,PE,305.8,0,0,0,14-08-2025,26333.45,0.0,0.0,0.0,294.25,0.0
FINNIFTY,28-10-2025,24400.0,PE,165.15,0,0,0,14-08-2025,26333.45,0.0,0.0,0.0,166.0,0.0
FINNIFTY,28-10-2025,24100.0,PE,123.05,0,0,0,14-08-2025,26333.45,0.0,0.0,0.0,126.55,0.0
FINNIFTY,28-10-2025,23000.0,PE,35.05,0,0,0,14-08-2025,26333.45,0.0,0.0,0.0,40.4,0.0
FINNIFTY,30-09-2025,30500.0,PE,3941.65,0,0,0,14-08-2025,26333.45,0.0,0.0,0.0,3032.4,0.0
FINNIFTY,30-09-2025,28900.0,PE,2431.95,0,0,0,14-08-2025,26333.45,0.0,0.0,0.0,1825.05,0.0
FINNIFTY,30-09-2025,28600.0,PE,2167.55,0,0,0,14-08-2025,26333.45,0.0,0.0,0.0,1629.6,0.0
FINNIFTY,30-09-2025,28300.0,PE,1912.8,0,0,0,14-08-2025,26333.45,0.0,0.0,0.0,1445.45,0.0
FINNIFTY,30-09-2025,28000.0,PE,1669.45,0,0,0,14-08-2025,26333.45,0.0,0.0,0.0,1273.1,0.0
FINNIFTY,30-09-2025,26700.0,PE,791.9,0,0,0,14-08-2025,26333.45,0.0,0.0,0.0,669.85,0.0
FINNIFTY,30-09-2025,25300.0,PE,243.7,0,0,0,14-08-2025,26333.45,0.0,0.0,0.0,274.65,0.0
FINNIFTY,28-08-2025,28400.0,PE,2010.2,0,0,0,14-08-2025,26333.45,0.0,0.0,0.0,1981.2,0.0
FINNIFTY,28-08-2025,28000.0,PE,1625.3,0,0,0,14-08-2025,26333.45,0.0,0.0,0.0,1708.1,0.0
FINNIFTY,28-08-2025,27100.0,PE,840.7,1430,0,0,14-08-2025,26333.45,0.0,0.0,0.0,641.0,641.0
FINNIFTY,28-08-2025,27050.0,PE,803.75,0,0,0,14-08-2025,26333.45,0.0,0.0,0.0,713.25,0.0
FINNIFTY,28-08-2025,25700.0,PE,54.15,4355,4290,141,14-08-2025,26333.45,104.2,49.35,104.2,54.15,53.9
FINNIFTY,28-08-2025,24950.0,PE,25.95,0,0,0,14-08-2025,26333.45,0.0,0.0,0.0,57.75,0.0
FINNIFTY,28-08-2025,24700.0,PE,9.45,7540,195,37,14-08-2025,26333.45,15.5,7.2,11.7,9.45,9.25
FINNIFTY,28-08-2025,24400.0,PE,7.45,8580,65,85,14-08-2025,26333.45,8.8,6.55,8.5,7.45,6.85
FINNIFTY,28-10-2025,28600.0,CE,268.8,0,0,0,14-08-2025,26333.45,0.0,0.0,0.0,441.1,0.0
FINNIFTY,28-10-2025,28400.0,CE,309.25,0,0,0,14-08-2025,26333.45,0.0,0.0,0.0,495.05,0.0
FINNIFTY,28-10-2025,28100.0,CE,378.7,0,0,0,14-08-2025,26333.45,0.0,0.0,0.0,585.45,0.0
FINNIFTY,28-10-2025,27500.0,CE,555.25,0,0,0,14-08-2025,26333.45,0.0,0.0,0.0,803.05,0.0
FINNIFTY,30-09-2025,27700.0,CE,290.5,0,0,0,14-08-2025,26333.45,0.0,0.0,0.0,1105.1,0.0
FINNIFTY,30-09-2025,28500.0,CE,137.9,0,0,0,14-08-2025,26333.45,0.0,0.0,0.0,771.85,0.0
FINNIFTY,30-09-2025,26400.0,CE,778.6,0,0,0,14-08-2025,26333.45,0.0,0.0,0.0,1835.2,0.0
FINNIFTY,28-10-2025,27800.0,PE,1580.75,0,0,0,14-08-2025,26333.45,0.0,0.0,0.0,1427.5,0.0
FINNIFTY,28-10-2025,28400.0,PE,2022.05,0,0,0,14-08-2025,26333.45,0.0,0.0,0.0,1825.8,0.0
FINNIFTY,28-08-2025,24900.0,CE,1513.45,0,0,0,14-08-2025,26333.45,0.0,0.0,0.0,2316.55,0.0
FINNIFTY,28-08-2025,25000.0,CE,1420.25,1625,0,0,14-08-2025,26333.45,0.0,0.0,0.0,1381.8,1381.8
FINNIFTY,28-10-2025,26500.0,CE,976.0,0,0,0,14-08-2025,26333.45,0.0,0.0,0.0,1285.2,0.0
FINNIFTY,28-10-2025,25200.0,CE,1779.65,0,0,0,14-08-2025,26333.45,0.0,0.0,0.0,2139.3,0.0
FINNIFTY,28-10-2025,24900.0,CE,2002.55,0,0,0,14-08-2025,26333.45,0.0,0.0,0.0,2369.45,0.0
FINNIFTY,28-10-2025,24300.0,CE,2486.2,0,0,0,14-08-2025,26333.45,0.0,0.0,0.0,2860.6,0.0
FINNIFTY,28-10-2025,24000.0,CE,2743.45,0,0,0,14-08-2025,26333.45,0.0,0.0,0.0,3119.5,0.0
FINNIFTY,28-10-2025,23500.0,CE,3190.45,0,0,0,14-08-2025,26333.45,0.0,0.0,0.0,3566.85,0.0
FINNIFTY,30-09-2025,28400.0,CE,152.2,0,0,0,14-08-2025,26333.45,0.0,0.0,0.0,808.9,0.0
FINNIFTY,30-09-2025,28100.0,CE,202.5,0,0,0,14-08-2025,26333.45,0.0,0.0,0.0,927.75,0.0
FINNIFTY,30-09-2025,26600.0,CE,680.1,0,0,0,14-08-2025,26333.45,0.0,0.0,0.0,1707.7,0.0
FINNIFTY,30-09-2025,24700.0,CE,1952.65,0,0,0,14-08-2025,26333.45,0.0,0.0,0.0,3117.55,0.0
FINNIFTY,30-09-2025,24200.0,CE,2389.5,0,0,0,14-08-2025,26333.45,0.0,0.0,0.0,3549.65,0.0
FINNIFTY,28-08-2025,28800.0,CE,3.05,1560,-260,10,14-08-2025,26333.45,4.0,3.1,4.0,3.7,3.7
FINNIFTY,28-08-2025,28200.0,CE,5.5,14690,1495,123,14-08-2025,26333.45,6.05,3.95,3.95,5.5,5.4
FINNIFTY,28-08-2025,27450.0,CE,16.35,3575,-65,48,14-08-2025,26333.45,19.0,14.6,14.95,16.35,16.0
FINNIFTY,28-08-2025,26900.0,CE,188.65,65,0,0,14-08-2025,26333.45,0.0,0.0,0.0,575.85,575.85
FINNIFTY,28-08-2025,26700.0,CE,114.35,79560,-4290,1453,14-08-2025,26333.45,137.0,101.05,105.55,114.35,110.85
FINNIFTY,28-08-2025,23500.0,CE,2887.6,0,0,0,14-08-2025,26333.45,0.0,0.0,0.0,3469.7,0.0
FINNIFTY,28-08-2025,23500.0,PE,4.0,67080,1105,391,14-08-2025,26333.45,5.45,3.5,5.0,4.0,4.3
FINNIFTY,28-10-2025,25700.0,PE,482.65,0,0,0,14-08-2025,26333.45,0.0,0.0,0.0,452.15,0.0
FINNIFTY,28-10-2025,27100.0,PE,1132.45,0,0,0,14-08-2025,26333.45,0.0,0.0,0.0,1027.4,0.0
FINNIFTY,28-10-2025,27000.0,PE,1074.85,0,0,0,14-08-2025,26333.45,0.0,0.0,0.0,976.25,0.0
FINNIFTY,28-08-2025,25100.0,CE,1328.55,0,0,0,14-08-2025,26333.45,0.0,0.0,0.0,2169.75,0.0
FINNIFTY,28-08-2025,25150.0,CE,1283.3,0,0,0,14-08-2025,26333.45,0.0,0.0,0.0,1694.95,0.0
FINNIFTY,28-08-2025,25300.0,CE,1150.6,0,0,0,14-08-2025,26333.45,0.0,0.0,0.0,2025.75,0.0
FINNIFTY,28-08-2025,26050.0,CE,579.85,0,0,0,14-08-2025,26333.45,0.0,0.0,0.0,986.75,0.0
FINNIFTY,28-08-2025,26450.0,CE,212.45,19760,2405,764,14-08-2025,26333.45,239.45,188.15,192.25,212.45,202.8
FINNIFTY,28-08-2025,26800.0,CE,88.75,101335,-3770,832,14-08-2025,26333.45,107.0,79.8,82.4,88.75,84.3
FINNIFTY,28-08-2025,27850.0,CE,8.1,2860,-2860,105,14-08-2025,26333.45,10.25,7.55,7.65,8.1,8.15
FINNIFTY,28-08-2025,28300.0,CE,4.95,9490,6630,217,14-08-2025,26333.45,5.75,4.95,5.2,4.95,4.95
FINNIFTY,30-09-2025,25300.0,CE,1475.1,0,0,0,14-08-2025,26333.45,0.0,0.0,0.0,2628.35,0.0
FINNIFTY,30-09-2025,26100.0,CE,942.8,0,0,0,14-08-2025,26333.45,0.0,0.0,0.0,2036.5,0.0
FINNIFTY,30-09-2025,27500.0,CE,342.85,0,0,0,14-08-2025,26333.45,0.0,0.0,0.0,1202.15,0.0
FINNIFTY,30-09-2025,27800.0,CE,266.55,0,0,0,14-08-2025,26333.45,0.0,0.0,0.0,1058.7,0.0
FINNIFTY,30-09-2025,28200.0,CE,184.4,0,0,0,14-08-2025,26333.45,0.0,0.0,0.0,886.8,0.0
FINNIFTY,30-09-2025,29100.0,CE,73.85,0,0,0,14-08-2025,26333.45,0.0,0.0,0.0,575.9,0.0
FINNIFTY,30-09-2025,29500.0,PE,2982.9,0,0,0,14-08-2025,26333.45,0.0,0.0,0.0,2248.7,0.0
FINNIFTY,30-09-2025,28400.0,PE,1996.55,0,0,0,14-08-2025,26333.45,0.0,0.0,0.0,1505.55,0.0
FINNIFTY,30-09-2025,27100.0,PE,1026.8,0,0,0,14-08-2025,26333.45,0.0,0.0,0.0,830.35,0.0
FINNIFTY,30-09-2025,26100.0,PE,505.15,0,0,0,14-08-2025,26333.45,0.0,0.0,0.0,470.0,0.0
FINNIFTY,30-09-2025,25800.0,PE,391.4,0,0,0,14-08-2025,26333.45,0.0,0.0,0.0,389.0,0.0
FINNIFTY,28-08-2025,27700.0,PE,1347.15,0,0,0,14-08-2025,26333.45,0.0,0.0,0.0,1516.35,0.0
FINNIFTY,28-08-2025,27650.0,PE,1302.05,0,0,0,14-08-2025,26333.45,0.0,0.0,0.0,1110.5,0.0
FINNIFTY,28-08-2025,27600.0,PE,1257.35,0,0,0,14-08-2025,26333.45,0.0,0.0,0.0,1455.05,0.0
FINNIFTY,30-09-2025,30500.0,CE,13.75,0,0,0,14-08-2025,26333.45,0.0,0.0,0.0,269.4,0.0
FINNIFTY,28-10-2025,24700.0,CE,2158.7,0,0,0,14-08-2025,26333.45,0.0,0.0,0.0,2528.85,0.0
FINNIFTY,28-10-2025,25800.0,CE,1372.7,0,0,0,14-08-2025,26333.45,0.0,0.0,0.0,1714.25,0.0
FINNIFTY,28-10-2025,26100.0,CE,1192.25,0,0,0,14-08-2025,26333.45,0.0,0.0,0.0,1521.25,0.0
FINNIFTY,28-10-2025,26300.0,CE,1080.65,0,0,0,14-08-2025,26333.45,0.0,0.0,0.0,1400.15,0.0
FINNIFTY,28-10-2025,27400.0,CE,589.9,0,0,0,14-08-2025,26333.45,0.0,0.0,0.0,844.4,0.0
FINNIFTY,28-08-2025,27200.0,PE,850.0,910,650,11,14-08-2025,26333.45,850.0,850.0,850.0,850.0,850.0
FINNIFTY,28-08-2025,27000.0,PE,765.35,8190,0,3,14-08-2025,26333.45,625.05,625.0,625.05,625.0,625.0
FINNIFTY,28-08-2025,25950.0,PE,92.65,15990,325,90,14-08-2025,26333.45,108.9,84.3,108.9,92.65,92.3
FINNIFTY,28-08-2025,25850.0,PE,170.9,0,0,0,14-08-2025,26333.45,0.0,0.0,0.0,211.35,0.0
FINNIFTY,28-08-2025,23600.0,PE,0.3,325,0,0,14-08-2025,26333.45,0.0,0.0,0.0,4.0,4.0
FINNIFTY,28-10-2025,24400.0,CE,2402.55,0,0,0,14-08-2025,26333.45,0.0,0.0,0.0,2776.15,0.0
FINNIFTY,28-10-2025,26400.0,CE,1027.45,0,0,0,14-08-2025,26333.45,0.0,0.0,0.0,1341.9,0.0
FINNIFTY,28-10-2025,27100.0,CE,703.45,0,0,0,14-08-2025,26333.45,0.0,0.0,0.0,977.45,0.0
FINNIFTY,28-10-2025,29500.0,CE,136.55,0,0,0,14-08-2025,26333.45,0.0,0.0,0.0,253.95,0.0
FINNIFTY,28-08-2025,25150.0,PE,42.15,0,0,0,14-08-2025,26333.45,0.0,0.0,0.0,79.5,0.0
FINNIFTY,28-08-2025,25350.0,PE,65.8,0,0,0,14-08-2025,26333.45,0.0,0.0,0.0,107.4,0.0
FINNIFTY,28-08-2025,28300.0,PE,1912.9,0,0,0,14-08-2025,26333.45,0.0,0.0,0.0,1911.1,0.0
FINNIFTY,30-09-2025,24200.0,PE,66.75,0,0,0,14-08-2025,26333.45,0.0,0.0,0.0,113.6,0.0
FINNIFTY,30-09-2025,25400.0,PE,270.25,0,0,0,14-08-2025,26333.45,0.0,0.0,0.0,295.1,0.0
FINNIFTY,30-09-2025,25500.0,PE,296.65,0,0,0,14-08-2025,26333.45,0.0,0.0,0.0,316.6,0.0
FINNIFTY,30-09-2025,26500.0,PE,687.4,260,65,1,14-08-2025,26333.45,412.0,412.0,412.0,412.0,412.0
FINNIFTY,30-09-2025,27700.0,PE,1440.3,0,0,0,14-08-2025,26333.45,0.0,0.0,0.0,1112.95,0.0
FINNIFTY,30-09-2025,29000.0,PE,2521.95,0,0,0,14-08-2025,26333.45,0.0,0.0,0.0,1892.6,0.0
FINNIFTY,28-10-2025,25400.0,PE,386.9,0,0,0,14-08-2025,26333.45,0.0,0.0,0.0,368.15,0.0
FINNIFTY,30-09-2025,26500.0,CE,728.2,0,0,0,14-08-2025,26333.45,0.0,0.0,0.0,1770.75,0.0
FINNIFTY,30-09-2025,25500.0,CE,1329.6,455,0,0,14-08-2025,26333.45,0.0,0.0,0.0,1020.0,1020.0
FINNIFTY,30-09-2025,25100.0,CE,1627.7,0,0,0,14-08-2025,26333.45,0.0,0.0,0.0,2787.5,0.0
FINNIFTY,30-09-2025,24300.0,CE,2299.85,0,0,0,14-08-2025,26333.45,0.0,0.0,0.0,3461.7,0.0
FINNIFTY,30-09-2025,23000.0,CE,3523.5,0,0,0,14-08-2025,26333.45,0.0,0.0,0.0,4651.5,0.0
FINNIFTY,28-08-2025,29500.0,CE,2.4,4940,1040,47,14-08-2025,26333.45,3.0,2.15,2.15,2.4,2.4
FINNIFTY,28-08-2025,27800.0,CE,35.75,0,0,0,14-08-2025,26333.45,0.0,0.0,0.0,712.5,0.0
FINNIFTY,28-08-2025,27650.0,CE,10.95,390,65,16,14-08-2025,26333.45,15.0,9.5,9.5,10.95,10.95
FINNIFTY,28-08-2025,27250.0,CE,105.1,0,0,0,14-08-2025,26333.45,0.0,0.0,0.0,360.65,0.0
FINNIFTY,28-08-2025,27050.0,CE,149.25,0,0,0,14-08-2025,26333.45,0.0,0.0,0.0,437.4,0.0
FINNIFTY,28-08-2025,26250.0,CE,323.95,13130,-18005,1501,14-08-2025,26333.45,360.0,287.3,297.7,323.95,314.15
FINNIFTY,28-08-2025,25200.0,CE,1238.55,0,0,0,14-08-2025,26333.45,0.0,0.0,0.0,2097.65,0.0
FINNIFTY,28-08-2025,23700.0,CE,2688.3,0,0,0,14-08-2025,26333.45,0.0,0.0,0.0,3294.05,0.0
FINNIFTY,28-08-2025,24000.0,CE,2390.0,2210,0,0,14-08-2025,26333.45,0.0,0.0,0.0,2875.0,2875.0
FINNIFTY,28-08-2025,24700.0,CE,1703.5,130,0,0,14-08-2025,26333.45,0.0,0.0,0.0,1415.7,1415.7
FINNIFTY,28-08-2025,24950.0,CE,1466.7,0,0,0,14-08-2025,26333.45,0.0,0.0,0.0,1872.3,0.0
FINNIFTY,28-08-2025,25500.0,CE,981.65,1365,0,0,14-08-2025,26333.45,0.0,0.0,0.0,862.15,862.15
FINNIFTY,28-08-2025,25900.0,CE,678.8,0,0,0,14-08-2025,26333.45,0.0,0.0,0.0,1629.8,0.0
FINNIFTY,28-08-2025,26350.0,CE,260.0,18980,3120,4234,14-08-2025,26333.45,294.05,233.0,240.55,260.0,247.0
FINNIFTY,28-08-2025,27350.0,CE,87.65,0,0,0,14-08-2025,26333.45,0.0,0.0,0.0,326.2,0.0
FINNIFTY,30-09-2025,25000.0,CE,1706.55,0,0,0,14-08-2025,26333.45,0.0,0.0,0.0,2868.6,0.0
FINNIFTY,28-10-2025,26800.0,PE,964.7,0,0,0,14-08-2025,26333.45,0.0,0.0,0.0,878.75,0.0
FINNIFTY,28-10-2025,26600.0,PE,861.4,0,0,0,14-08-2025,26333.45,0.0,0.0,0.0,787.35,0.0
FINNIFTY,28-10-2025,26300.0,PE,719.6,0,0,0,14-08-2025,26333.45,0.0,0.0,0.0,661.9,0.0
FINNIFTY,28-10-2025,25900.0,PE,554.75,0,0,0,14-08-2025,26333.45,0.0,0.0,0.0,516.1,0.0
FINNIFTY,28-10-2025,27700.0,PE,1512.1,0,0,0,14-08-2025,26333.45,0.0,0.0,0.0,1365.9,0.0
FINNIFTY,28-10-2025,26500.0,PE,812.45,0,0,0,14-08-2025,26333.45,0.0,0.0,0.0,744.0,0.0
FINNIFTY,28-10-2025,26200.0,PE,675.8,0,0,0,14-08-2025,26333.45,0.0,0.0,0.0,623.2,0.0
FINNIFTY,28-10-2025,25200.0,PE,332.3,0,0,0,14-08-2025,26333.45,0.0,0.0,0.0,317.3,0.0
FINNIFTY,28-10-2025,24500.0,PE,181.45,0,0,0,14-08-2025,26333.45,0.0,0.0,0.0,181.05,0.0
FINNIFTY,28-10-2025,24200.0,PE,136.05,0,0,0,14-08-2025,26333.45,0.0,0.0,0.0,138.8,0.0
FINNIFTY,30-09-2025,27500.0,PE,1294.25,0,0,0,14-08-2025,26333.45,0.0,0.0,0.0,1013.25,0.0
FINNIFTY,30-09-2025,27400.0,PE,1224.5,0,0,0,14-08-2025,26333.45,0.0,0.0,0.0,965.4,0.0
FINNIFTY,30-09-2025,27200.0,PE,1090.7,0,0,0,14-08-2025,26333.45,0.0,0.0,0.0,873.95,0.0
FINNIFTY,30-09-2025,24500.0,PE,98.65,0,0,0,14-08-2025,26333.45,0.0,0.0,0.0,147.15,0.0
FINNIFTY,28-08-2025,29200.0,PE,2800.5,0,0,0,14-08-2025,26333.45,0.0,0.0,0.0,2581.3,0.0
FINNIFTY,28-08-2025,27500.0,PE,1169.4,0,0,0,14-08-2025,26333.45,0.0,0.0,0.0,1395.05,0.0
FINNIFTY,28-08-2025,27300.0,PE,999.95,195,0,0,14-08-2025,26333.45,0.0,0.0,0.0,752.8,752.8
FINNIFTY,28-08-2025,27150.0,PE,879.45,0,0,0,14-08-2025,26333.45,0.0,0.0,0.0,773.1,0.0
FINNIFTY,28-08-2025,26650.0,PE,384.85,4485,-65,2,14-08-2025,26333.45,388.95,384.85,388.95,384.85,384.85
FINNIFTY,28-08-2025,23900.0,CE,2489.3,0,0,0,14-08-2025,26333.45,0.0,0.0,0.0,3121.6,0.0
FINNIFTY,28-08-2025,25550.0,CE,941.05,0,0,0,14-08-2025,26333.45,0.0,0.0,0.0,1359.7,0.0
FINNIFTY,28-08-2025,25950.0,CE,644.9,455,0,0,14-08-2025,26333.45,0.0,0.0,0.0,441.25,433.05
FINNIFTY,28-08-2025,26100.0,PE,123.85,18135,7605,521,14-08-2025,26333.45,136.05,114.0,136.05,123.85,125.35
FINNIFTY,28-08-2025,25100.0,PE,17.2,6955,-715,37,14-08-2025,26333.45,18.35,14.95,17.65,17.2,17.95
FINNIFTY,28-08-2025,25000.0,PE,14.75,68120,12350,361,14-08-2025,26333.45,16.05,13.75,15.35,14.75,15.2
FINNIFTY,28-08-2025,24600.0,PE,8.9,9685,2405,124,14-08-2025,26333.45,13.3,6.75,9.55,8.9,9.25
FINNIFTY,28-08-2025,24500.0,PE,7.45,27755,10725,376,14-08-2025,26333.45,10.0,5.6,10.0,7.45,8.0
FINNIFTY,28-10-2025,27700.0,CE,490.6,0,0,0,14-08-2025,26333.45,0.0,0.0,0.0,724.85,0.0
FINNIFTY,28-10-2025,27600.0,CE,522.15,0,0,0,14-08-2025,26333.45,0.0,0.0,0.0,763.2,0.0
FINNIFTY,30-09-2025,29000.0,CE,82.25,0,0,0,14-08-2025,26333.45,0.0,0.0,0.0,605.55,0.0
FINNIFTY,30-09-2025,26700.0,CE,634.25,0,0,0,14-08-2025,26333.45,0.0,0.0,0.0,1645.95,0.0
FINNIFTY,30-09-2025,26300.0,CE,831.1,0,0,0,14-08-2025,26333.45,0.0,0.0,0.0,1901.0,0.0
FINNIFTY,30-09-2025,25200.0,CE,1550.5,0,0,0,14-08-2025,26333.45,0.0,0.0,0.0,2707.4,0.0
FINNIFTY,28-08-2025,30000.0,CE,1.8,10010,-195,12,14-08-2025,26333.45,2.25,1.65,2.05,1.8,1.8
FINNIFTY,28-08-2025,28500.0,CE,4.1,22555,5850,253,14-08-2025,26333.45,4.85,3.8,4.4,4.1,4.1
FINNIFTY,28-08-2025,27400.0,CE,79.85,0,0,0,14-08-2025,26333.45,0.0,0.0,0.0,863.4,0.0
FINNIFTY,28-08-2025,27600.0,CE,11.45,13910,-7735,361,14-08-2025,26333.45,13.0,10.2,11.45,11.45,12.0
FINNIFTY,28-08-2025,27750.0,CE,9.15,650,-130,55,14-08-2025,26333.45,11.6,8.1,11.15,9.15,9.7
FINNIFTY,28-08-2025,28600.0,CE,5.25,2665,-585,36,14-08-2025,26333.45,4.8,3.75,4.45,4.1,4.1
FINNIFTY,30-09-2025,25400.0,CE,1402.4,0,0,0,14-08-2025,26333.45,0.0,0.0,0.0,2550.4,0.0
FINNIFTY,30-09-2025,27000.0,CE,509.6,0,0,0,14-08-2025,26333.45,0.0,0.0,0.0,1469.05,0.0
FINNIFTY,30-09-2025,28000.0,CE,221.95,0,0,0,14-08-2025,26333.45,0.0,0.0,0.0,970.05,0.0
FINNIFTY,30-09-2025,28300.0,CE,167.65,0,0,0,14-08-2025,26333.45,0.0,0.0,0.0,847.2,0.0
FINNIFTY,28-10-2025,26600.0,CE,926.15,0,0,0,14-08-2025,26333.45,0.0,0.0,0.0,1230.05,0.0
FINNIFTY,28-10-2025,27000.0,CE,744.6,0,0,0,14-08-2025,26333.45,0.0,0.0,0.0,1024.85,0.0
FINNIFTY,28-10-2025,29000.0,CE,200.75,0,0,0,14-08-2025,26333.45,0.0,0.0,0.0,347.75,0.0
FINNIFTY,28-08-2025,23700.0,PE,0.5,975,0,0,14-08-2025,26333.45,0.0,0.0,0.0,5.5,5.45
FINNIFTY,28-08-2025,25450.0,PE,31.4,2730,-1820,51,14-08-2025,26333.45,33.85,29.75,31.25,31.4,32.3
FINNIFTY,28-08-2025,25500.0,PE,33.8,59345,-16770,1384,14-08-2025,26333.45,41.85,31.75,39.95,33.8,35.2
FINNIFTY,28-08-2025,26150.0,PE,139.6,8190,585,257,14-08-2025,26333.45,151.4,126.45,151.4,139.6,139.4
FINNIFTY,28-08-2025,26950.0,PE,729.0,195,0,0,14-08-2025,26333.45,0.0,0.0,0.0,590.95,590.95
FINNIFTY,30-09-2025,23500.0,PE,23.7,0,0,0,14-08-2025,26333.45,0.0,0.0,0.0,58.6,0.0
FINNIFTY,30-09-2025,24400.0,PE,86.9,0,0,0,14-08-2025,26333.45,0.0,0.0,0.0,135.2,0.0
FINNIFTY,30-09-2025,25600.0,PE,326.2,0,0,0,14-08-2025,26333.45,0.0,0.0,0.0,339.25,0.0
FINNIFTY,30-09-2025,25900.0,PE,427.15,0,0,0,14-08-2025,26333.45,0.0,0.0,0.0,415.1,0.0
FINNIFTY,30-09-2025,27000.0,PE,964.9,0,0,0,14-08-2025,26333.45,0.0,0.0,0.0,788.15,0.0
FINNIFTY,28-10-2025,25300.0,PE,358.2,0,0,0,14-08-2025,26333.45,0.0,0.0,0.0,342.65,0.0
FINNIFTY,28-10-2025,25500.0,PE,417.2,0,0,0,14-08-2025,26333.45,0.0,0.0,0.0,395.0,0.0
FINNIFTY,28-10-2025,26000.0,PE,593.4,0,0,0,14-08-2025,26333.45,0.0,0.0,0.0,550.3,0.0
FINNIFTY,28-10-2025,27300.0,PE,1252.65,0,0,0,14-08-2025,26333.45,0.0,0.0,0.0,1134.2,0.0
FINNIFTY,28-10-2025,27500.0,PE,1379.25,0,0,0,14-08-2025,26333.45,0.0,0.0,0.0,1247.1,0.0
FINNIFTY,28-10-2025,27900.0,PE,1650.85,0,0,0,14-08-2025,26333.45,0.0,0.0,0.0,1490.5,0.0
FINNIFTY,28-08-2025,25450.0,CE,1022.9,0,0,0,14-08-2025,26333.45,0.0,0.0,0.0,1440.75,0.0
FINNIFTY,28-08-2025,25750.0,CE,787.25,0,0,0,14-08-2025,26333.45,0.0,0.0,0.0,1203.7,0.0
FINNIFTY,28-08-2025,26650.0,CE,133.55,17875,-195,464,14-08-2025,26333.45,151.0,120.7,126.0,133.55,124.5
FINNIFTY,28-08-2025,27100.0,CE,136.35,0,0,0,14-08-2025,26333.45,0.0,0.0,0.0,990.95,0.0
FINNIFTY,28-10-2025,28100.0,PE,1795.2,0,0,0,14-08-2025,26333.45,0.0,0.0,0.0,1620.6,0.0
FINNIFTY,28-10-2025,27600.0,PE,1444.95,0,0,0,14-08-2025,26333.45,0.0,0.0,0.0,1305.8,0.0
FINNIFTY,28-10-2025,27400.0,PE,1315.15,0,0,0,14-08-2025,26333.45,0.0,0.0,0.0,1189.9,0.0
FINNIFTY,28-10-2025,24900.0,PE,258.95,0,0,0,14-08-2025,26333.45,0.0,0.0,0.0,251.9,0.0
FINNIFTY,28-10-2025,24000.0,PE,111.05,0,0,0,14-08-2025,26333.45,0.0,0.0,0.0,115.2,0.0
FINNIFTY,30-09-2025,29300.0,PE,2796.5,0,0,0,14-08-2025,26333.45,0.0,0.0,0.0,2102.2,0.0
FINNIFTY,30-09-2025,28800.0,PE,2342.85,0,0,0,14-08-2025,26333.45,0.0,0.0,0.0,1758.65,0.0
FINNIFTY,30-09-2025,26000.0,PE,465.05,0,0,0,14-08-2025,26333.45,0.0,0.0,0.0,442.4,0.0
FINNIFTY,30-09-2025,25200.0,PE,219.9,0,0,0,14-08-2025,26333.45,0.0,0.0,0.0,255.3,0.0
FINNIFTY,30-09-2025,24700.0,PE,125.95,0,0,0,14-08-2025,26333.45,0.0,0.0,0.0,173.5,0.0
FINNIFTY,30-09-2025,24300.0,PE,76.25,0,0,0,14-08-2025,26333.45,0.0,0.0,0.0,124.0,0.0
FINNIFTY,28-08-2025,23600.0,CE,2787.95,0,0,0,14-08-2025,26333.45,0.0,0.0,0.0,3381.5,0.0
FINNIFTY,28-08-2025,23800.0,CE,2588.75,0,0,0,14-08-2025,26333.45,0.0,0.0,0.0,3207.4,0.0
FINNIFTY,28-08-2025,25250.0,CE,1194.3,0,0,0,14-08-2025,26333.45,0.0,0.0,0.0,1608.55,0.0
FINNIFTY,28-08-2025,25350.0,CE,1107.45,0,0,0,14-08-2025,26333.45,0.0,0.0,0.0,1523.75,0.0
FINNIFTY,28-08-2025,25800.0,CE,749.45,0,0,0,14-08-2025,26333.45,0.0,0.0,0.0,1692.35,0.0
FINNIFTY,28-08-2025,26100.0,CE,417.5,6695,1560,257,14-08-2025,26333.45,464.6,395.55,395.55,417.5,417.8
FINNIFTY,28-08-2025,30500.0,CE,1.4,9815,260,33,14-08-2025,26333.45,1.9,1.3,1.3,1.4,1.4
FINNIFTY,30-09-2025,24100.0,CE,2480.2,0,0,0,14-08-2025,26333.45,0.0,0.0,0.0,3638.35,0.0
FINNIFTY,30-09-2025,26000.0,CE,1001.95,0,0,0,14-08-2025,26333.45,0.0,0.0,0.0,2107.3,0.0
FINNIFTY,30-09-2025,26800.0,CE,590.55,0,0,0,14-08-2025,26333.45,0.0,0.0,0.0,1585.6,0.0
FINNIFTY,30-09-2025,26900.0,CE,549.0,0,0,0,14-08-2025,26333.45,0.0,0.0,0.0,1526.65,0.0
FINNIFTY,30-09-2025,28900.0,CE,91.55,0,0,0,14-08-2025,26333.45,0.0,0.0,0.0,636.4,0.0
FINNIFTY,30-09-2025,29200.0,CE,66.15,0,0,0,14-08-2025,26333.45,0.0,0.0,0.0,547.35,0.0
FINNIFTY,30-09-2025,29300.0,CE,59.2,0,0,0,14-08-2025,26333.45,0.0,0.0,0.0,519.95,0.0
FINNIFTY,28-10-2025,24100.0,CE,2656.7,0,0,0,14-08-2025,26333.45,0.0,0.0,0.0,3032.35,0.0
FINNIFTY,28-10-2025,24200.0,CE,2570.9,0,0,0,14-08-2025,26333.45,0.0,0.0,0.0,2946.0,0.0
FINNIFTY,28-10-2025,25400.0,CE,1636.75,0,0,0,14-08-2025,26333.45,0.0,0.0,0.0,1993.1,0.0
FINNIFTY,28-10-2025,25700.0,CE,1436.2,0,0,0,14-08-2025,26333.45,0.0,0.0,0.0,1781.5,0.0
FINNIFTY,28-10-2025,27900.0,CE,431.8,0,0,0,14-08-2025,26333.45,0.0,0.0,0.0,652.35,0.0
FINNIFTY,28-10-2025,28500.0,CE,288.45,0,0,0,14-08-2025,26333.45,0.0,0.0,0.0,467.45,0.0
FINNIFTY,28-08-2025,24000.0,PE,4.6,31070,8385,401,14-08-2025,26333.45,6.25,4.3,5.45,4.6,4.3
FINNIFTY,28-08-2025,26050.0,PE,110.85,7800,3185,211,14-08-2025,26333.45,131.0,103.0,131.0,110.85,112.85
FINNIFTY,28-08-2025,26300.0,PE,187.25,51805,7150,6287,14-08-2025,26333.45,217.45,172.5,202.05,187.25,185.05
FINNIFTY,28-08-2025,26800.0,PE,496.3,15340,-130,11,14-08-2025,26333.45,502.55,339.05,339.05,496.3,494.35
FINNIFTY,28-08-2025,27800.0,PE,1438.5,0,0,0,14-08-2025,26333.45,0.0,0.0,0.0,1578.95,0.0
FINNIFTY,28-08-2025,27850.0,PE,1484.75,0,0,0,14-08-2025,26333.45,0.0,0.0,0.0,1261.95,0.0
FINNIFTY,28-08-2025,28100.0,PE,1720.35,0,0,0,14-08-2025,26333.45,0.0,0.0,0.0,1774.55,0.0
FINNIFTY,28-08-2025,28900.0,PE,2502.5,0,0,0,14-08-2025,26333.45,0.0,0.0,0.0,2349.7,0.0
FINNIFTY,28-08-2025,29300.0,PE,2900.0,0,0,0,14-08-2025,26333.45,0.0,0.0,0.0,2660.7,0.0
FINNIFTY,28-08-2025,29500.0,PE,3099.25,0,0,0,14-08-2025,26333.45,0.0,0.0,0.0,2822.1,0.0
FINNIFTY,28-10-2025,24600.0,CE,2238.75,0,0,0,14-08-2025,26333.45,0.0,0.0,0.0,2610.25,0.0
FINNIFTY,28-10-2025,25600.0,PE,449.1,0,0,0,14-08-2025,26333.45,0.0,0.0,0.0,422.3,0.0
FINNIFTY,28-10-2025,24800.0,PE,237.6,0,0,0,14-08-2025,26333.45,0.0,0.0,0.0,232.5,0.0
FINNIFTY,30-09-2025,29100.0,PE,2612.7,0,0,0,14-08-2025,26333.45,0.0,0.0,0.0,1961.35,0.0
FINNIFTY,30-09-2025,27600.0,PE,1365.85,0,0,0,14-08-2025,26333.45,0.0,0.0,0.0,1062.35,0.0
FINNIFTY,30-09-2025,26600.0,PE,738.55,0,0,0,14-08-2025,26333.45,0.0,0.0,0.0,633.15,0.0
FINNIFTY,30-09-2025,24800.0,PE,141.65,0,0,0,14-08-2025,26333.45,0.0,0.0,0.0,187.95,0.0
FINNIFTY,30-09-2025,24100.0,PE,58.2,0,0,0,14-08-2025,26333.45,0.0,0.0,0.0,103.85,0.0
FINNIFTY,30-09-2025,25700.0,CE,1192.3,0,0,0,14-08-2025,26333.45,0.0,0.0,0.0,2323.15,0.0
FINNIFTY,30-09-2025,26200.0,CE,885.85,0,0,0,14-08-2025,26333.45,0.0,0.0,0.0,1968.1,0.0
FINNIFTY,28-10-2025,25900.0,CE,1310.85,0,0,0,14-08-2025,26333.45,0.0,0.0,0.0,1648.45,0.0
FINNIFTY,28-10-2025,26800.0,CE,831.95,0,0,0,14-08-2025,26333.45,0.0,0.0,0.0,1124.4,0.0
FINNIFTY,28-10-2025,27200.0,CE,664.0,0,0,0,14-08-2025,26333.45,0.0,0.0,0.0,931.55,0.0
FINNIFTY,28-08-2025,23900.0,PE,1.0,1105,455,29,14-08-2025,26333.45,5.45,3.6,4.5,3.95,3.95
FINNIFTY,28-08-2025,25050.0,PE,18.1,2015,-65,17,14-08-2025,26333.45,19.0,14.1,19.0,18.1,18.1
FINNIFTY,28-08-2025,25550.0,PE,98.95,65,0,0,14-08-2025,26333.45,0.0,0.0,0.0,106.75,106.75
FINNIFTY,28-08-2025,24600.0,CE,1799.95,65,0,1,14-08-2025,26333.45,1800.0,1800.0,1800.0,1800.0,1800.0
FINNIFTY,28-08-2025,25400.0,CE,1064.85,0,0,0,14-08-2025,26333.45,0.0,0.0,0.0,1956.35,0.0
FINNIFTY,28-08-2025,26300.0,CE,291.75,25740,-3510,6159,14-08-2025,26333.45,327.25,258.9,265.0,291.75,282.15
FINNIFTY,28-08-2025,26500.0,CE,183.05,152490,-31915,4696,14-08-2025,26333.45,215.0,167.35,169.9,183.05,179.3
FINNIFTY,28-08-2025,27000.0,CE,51.95,116545,-19500,8319,14-08-2025,26333.45,63.55,46.5,49.1,51.95,50.1
FINNIFTY,28-08-2025,27550.0,CE,59.85,1235,0,0,14-08-2025,26333.45,0.0,0.0,0.0,15.95,15.95
FINNIFTY,28-08-2025,28000.0,CE,6.2,52975,6175,474,14-08-2025,26333.45,6.9,5.65,6.65,6.2,6.45
FINNIFTY,28-08-2025,28100.0,CE,18.3,3965,-650,57,14-08-2025,26333.45,6.6,5.15,5.8,6.05,6.05
FINNIFTY,28-08-2025,29100.0,CE,1.3,910,-65,1,14-08-2025,26333.45,2.55,2.55,2.55,2.55,2.55
FINNIFTY,30-09-2025,23500.0,CE,3041.0,0,0,0,14-08-2025,26333.45,0.0,0.0,0.0,4183.45,0.0
FINNIFTY,28-10-2025,28000.0,PE,1722.35,0,0,0,14-08-2025,26333.45,0.0,0.0,0.0,1554.85,0.0
FINNIFTY,28-10-2025,26700.0,PE,912.15,0,0,0,14-08-2025,26333.45,0.0,0.0,0.0,832.3,0.0
FINNIFTY,28-08-2025,29200.0,CE,0.95,195,0,0,14-08-2025,26333.45,0.0,0.0,0.0,2.9,2.75
FINNIFTY,28-10-2025,25000.0,PE,281.65,0,0,0,14-08-2025,26333.45,0.0,0.0,0.0,272.45,0.0
FINNIFTY,28-10-2025,24700.0,PE,217.6,0,0,0,14-08-2025,26333.45,0.0,0.0,0.0,214.25,0.0
FINNIFTY,28-10-2025,24600.0,PE,198.9,0,0,0,14-08-2025,26333.45,0.0,0.0,0.0,197.1,0.0
FINNIFTY,30-09-2025,28500.0,PE,2081.5,0,0,0,14-08-2025,26333.45,0.0,0.0,0.0,1566.9,0.0
FINNIFTY,30-09-2025,26900.0,PE,905.1,0,0,0,14-08-2025,26333.45,0.0,0.0,0.0,747.3,0.0
FINNIFTY,30-09-2025,26300.0,PE,591.9,0,0,0,14-08-2025,26333.45,0.0,0.0,0.0,531.3,0.0
FINNIFTY,28-08-2025,30000.0,PE,3597.8,0,0,0,14-08-2025,26333.45,0.0,0.0,0.0,3239.7,0.0
FINNIFTY,28-08-2025,29100.0,PE,2701.05,0,0,0,14-08-2025,26333.45,0.0,0.0,0.0,2502.8,0.0
FINNIFTY,28-08-2025,28700.0,PE,2304.7,0,0,0,14-08-2025,26333.45,0.0,0.0,0.0,2199.4,0.0
FINNIFTY,28-08-2025,26550.0,PE,470.4,5200,0,0,14-08-2025,26333.45,0.0,0.0,0.0,344.6,343.85
FINNIFTY,28-08-2025,26200.0,PE,153.35,43355,4030,1367,14-08-2025,26333.45,181.95,140.05,175.0,153.35,153.2
FINNIFTY,28-08-2025,25900.0,PE,82.05,11180,2015,193,14-08-2025,26333.45,87.75,74.9,85.0,82.05,84.9
FINNIFTY,28-08-2025,25600.0,PE,109.0,0,0,0,14-08-2025,26333.45,0.0,0.0,0.0,524.15,0.0
FINNIFTY,28-08-2025,24300.0,PE,6.75,4875,-650,121,14-08-2025,26333.45,8.8,6.2,6.8,6.75,7.2
FINNIFTY,28-08-2025,23800.0,PE,0.7,1105,0,4,14-08-2025,26333.45,5.5,4.5,5.5,4.5,4.5
FINNIFTY,28-10-2025,28200.0,CE,355.4,0,0,0,14-08-2025,26333.45,0.0,0.0,0.0,554.0,0.0
FINNIFTY,28-10-2025,26000.0,CE,1250.7,0,0,0,14-08-2025,26333.45,0.0,0.0,0.0,1584.1,0.0
FINNIFTY,28-10-2025,24500.0,CE,2320.05,0,0,0,14-08-2025,26333.45,0.0,0.0,0.0,2692.7,0.0
FINNIFTY,28-10-2025,23000.0,CE,3654.95,0,0,0,14-08-2025,26333.45,0.0,0.0,0.0,4029.9,0.0
FINNIFTY,30-09-2025,28700.0,CE,112.7,0,0,0,14-08-2025,26333.45,0.0,0.0,0.0,701.65,0.0
FINNIFTY,30-09-2025,24800.0,CE,1869.15,0,0,0,14-08-2025,26333.45,0.0,0.0,0.0,3033.65,0.0
FINNIFTY,28-08-2025,24300.0,CE,2093.25,0,0,0,14-08-2025,26333.45,0.0,0.0,0.0,2787.25,0.0
FINNIFTY,30-09-2025,26200.0,PE,547.4,0,0,0,14-08-2025,26333.45,0.0,0.0,0.0,500.0,0.0
FINNIFTY,30-09-2025,26400.0,PE,638.6,0,0,0,14-08-2025,26333.45,0.0,0.0,0.0,563.9,0.0
FINNIFTY,30-09-2025,26800.0,PE,847.4,0,0,0,14-08-2025,26333.45,0.0,0.0,0.0,707.9,0.0
FINNIFTY,30-09-2025,28200.0,PE,1830.3,0,0,0,14-08-2025,26333.45,0.0,0.0,0.0,1386.65,0.0
FINNIFTY,30-09-2025,29200.0,PE,2704.25,0,0,0,14-08-2025,26333.45,0.0,0.0,0.0,2031.2,0.0
FINNIFTY,28-08-2025,26450.0,PE,255.4,8060,1235,82,14-08-2025,26333.45,287.95,236.65,287.95,255.4,261.15
FINNIFTY,28-10-2025,27300.0,CE,626.15,0,0,0,14-08-2025,26333.45,0.0,0.0,0.0,887.25,0.0
FINNIFTY,28-08-2025,24200.0,PE,6.4,5980,390,29,14-08-2025,26333.45,6.95,5.1,6.05,6.4,6.4
FINNIFTY,28-08-2025,26000.0,PE,100.25,146835,63050,5682,14-08-2025,26333.45,118.0,92.7,117.85,100.25,101.0
FINNIFTY,28-08-2025,26400.0,PE,229.15,64220,39390,3204,14-08-2025,26333.45,263.6,211.95,257.2,229.15,229.1
FINNIFTY,28-10-2025,27200.0,PE,1191.75,0,0,0,14-08-2025,26333.45,0.0,0.0,0.0,1080.05,0.0
FINNIFTY,28-08-2025,26750.0,PE,592.2,1495,0,0,14-08-2025,26333.45,0.0,0.0,0.0,568.35,568.35
FINNIFTY,28-08-2025,27400.0,PE,1083.55,0,0,0,14-08-2025,26333.45,0.0,0.0,0.0,1336.45,0.0
FINNIFTY,28-08-2025,27550.0,PE,1213.15,0,0,0,14-08-2025,26333.45,0.0,0.0,0.0,1037.55,1037.55
FINNIFTY,28-10-2025,26700.0,CE,878.2,0,0,0,14-08-2025,26333.45,0.0,0.0,0.0,1176.45,0.0
FINNIFTY,28-10-2025,25100.0,CE,1851.9,0,0,0,14-08-2025,26333.45,0.0,0.0,0.0,2214.8,0.0
FINNIFTY,30-09-2025,29500.0,CE,47.15,0,0,0,14-08-2025,26333.45,0.0,0.0,0.0,469.65,0.0
FINNIFTY,30-09-2025,27900.0,CE,242.95,0,0,0,14-08-2025,26333.45,0.0,0.0,0.0,1013.7,0.0
FINNIFTY,30-09-2025,25600.0,CE,1259.95,0,0,0,14-08-2025,26333.45,0.0,0.0,0.0,2397.75,0.0
FINNIFTY,30-09-2025,24500.0,CE,2123.8,0,0,0,14-08-2025,26333.45,0.0,0.0,0.0,3288.0,0.0
FINNIFTY,30-09-2025,24000.0,CE,2571.8,0,0,0,14-08-2025,26333.45,0.0,0.0,0.0,3727.7,0.0
FINNIFTY,28-08-2025,27900.0,CE,8.35,113425,-4160,486,14-08-2025,26333.45,8.8,6.7,7.05,8.35,8.45
FINNIFTY,28-08-2025,27500.0,CE,14.5,75920,-15340,1622,14-08-2025,26333.45,17.3,12.35,12.5,14.5,14.0
FINNIFTY,28-08-2025,26850.0,CE,78.15,15665,-390,323,14-08-2025,26333.45,95.4,70.5,79.35,78.15,74.6
FINNIFTY,28-08-2025,26000.0,CE,496.15,13845,-65,20,14-08-2025,26333.45,535.0,485.35,531.0,496.15,494.15
FINNIFTY,28-08-2025,25850.0,CE,713.7,0,0,0,14-08-2025,26333.45,0.0,0.0,0.0,1130.0,0.0
FINNIFTY,28-08-2025,24500.0,CE,1897.15,0,0,0,14-08-2025,26333.45,0.0,0.0,0.0,2626.0,0.0
FINNIFTY,28-08-2025,27900.0,PE,1531.3,0,0,0,14-08-2025,26333.45,0.0,0.0,0.0,1642.9,0.0
FINNIFTY,28-08-2025,28200.0,PE,1816.25,0,0,0,14-08-2025,26333.45,0.0,0.0,0.0,1842.25,0.0
FINNIFTY,28-08-2025,28600.0,PE,2206.15,0,0,0,14-08-2025,26333.45,0.0,0.0,0.0,2124.75,0.0
FINNIFTY,28-08-2025,30500.0,PE,4096.6,0,0,0,14-08-2025,26333.45,0.0,0.0,0.0,3674.55,0.0
FINNIFTY,30-09-2025,25000.0,PE,177.5,0,0,0,14-08-2025,26333.45,0.0,0.0,0.0,219.7,0.0
FINNIFTY,28-10-2025,29500.0,PE,2935.65,0,0,0,14-08-2025,26333.45,0.0,0.0,0.0,2668.45,0.0
FINNIFTY,28-10-2025,29000.0,PE,2506.1,0,0,0,14-08-2025,26333.45,0.0,0.0,0.0,2269.65,0.0
FINNIFTY,28-10-2025,28500.0,PE,2100.0,0,0,0,14-08-2025,26333.45,0.0,0.0,0.0,1896.75,0.0
FINNIFTY,28-10-2025,28300.0,PE,1946.35,0,0,0,14-08-2025,26333.45,0.0,0.0,0.0,1756.1,0.0
FINNIFTY,28-10-2025,26900.0,PE,1018.9,0,0,0,14-08-2025,26333.45,0.0,0.0,0.0,926.8,0.0
FINNIFTY,28-08-2025,25200.0,PE,47.3,0,0,0,14-08-2025,26333.45,0.0,0.0,0.0,406.7,0.0
FINNIFTY,28-08-2025,25250.0,PE,22.7,1820,-130,70,14-08-2025,26333.45,27.25,20.0,21.8,22.7,22.9
FINNIFTY,28-08-2025,25300.0,PE,23.5,10855,-1560,47,14-08-2025,26333.45,26.15,21.35,24.0,23.5,23.9
FINNIFTY,28-10-2025,28200.0,PE,1870.7,0,0,0,14-08-2025,26333.45,0.0,0.0,0.0,1687.7,0.0
FINNIFTY,28-10-2025,26400.0,PE,765.15,0,0,0,14-08-2025,26333.45,0.0,0.0,0.0,702.2,0.0
FINNIFTY,30-09-2025,30000.0,PE,3457.8,0,0,0,14-08-2025,26333.45,0.0,0.0,0.0,2628.9,0.0
FINNIFTY,30-09-2025,27900.0,PE,1591.2,0,0,0,14-08-2025,26333.45,0.0,0.0,0.0,1218.35,0.0
FINNIFTY,30-09-2025,27300.0,PE,1156.65,0,0,0,14-08-2025,26333.45,0.0,0.0,0.0,919.0,0.0
FINNIFTY,28-08-2025,24800.0,CE,1607.95,0,0,0,14-08-2025,26333.45,0.0,0.0,0.0,2392.2,0.0
FINNIFTY,28-08-2025,25050.0,CE,1374.2,0,0,0,14-08-2025,26333.45,0.0,0.0,0.0,1782.9,0.0
FINNIFTY,28-08-2025,25600.0,CE,901.2,0,0,0,14-08-2025,26333.45,0.0,0.0,0.0,1821.65,0.0
FINNIFTY,28-08-2025,25700.0,CE,823.75,0,0,0,14-08-2025,26333.45,0.0,0.0,0.0,1756.3,0.0
FINNIFTY,28-08-2025,26550.0,CE,161.7,11505,-3965,837,14-08-2025,26333.45,193.55,147.55,150.05,161.7,159.4
FINNIFTY,28-08-2025,26950.0,CE,174.3,0,0,0,14-08-2025,26333.45,0.0,0.0,0.0,479.85,0.0
FINNIFTY,28-10-2025,26900.0,CE,787.45,0,0,0,14-08-2025,26333.45,0.0,0.0,0.0,1073.9,0.0
FINNIFTY,28-10-2025,27800.0,CE,460.5,0,0,0,14-08-2025,26333.45,0.0,0.0,0.0,687.9,0.0
FINNIFTY,28-10-2025,28300.0,CE,332.3,0,0,0,14-08-2025,26333.45,0.0,0.0,0.0,523.9,0.0
FINNIFTY,30-09-2025,25700.0,PE,357.75,0,0,0,14-08-2025,26333.45,0.0,0.0,0.0,363.05,0.0
FINNIFTY,30-09-2025,24900.0,PE,158.8,0,0,0,14-08-2025,26333.45,0.0,0.0,0.0,203.35,0.0
FINNIFTY,28-08-2025,27750.0,PE,1392.65,0,0,0,14-08-2025,26333.45,0.0,0.0,0.0,1186.35,0.0
FINNIFTY,28-08-2025,26600.0,PE,340.45,39650,-260,28,14-08-2025,26333.45,360.0,323.0,348.0,340.45,349.0
FINNIFTY,28-08-2025,26250.0,PE,168.4,21320,-17810,1681,14-08-2025,26333.45,196.0,156.0,195.95,168.4,172.45
FINNIFTY,28-08-2025,25750.0,PE,58.4,12285,-455,52,14-08-2025,26333.45,68.1,55.0,68.1,58.4,59.55
FINNIFTY,28-08-2025,25650.0,PE,119.75,4030,0,0,14-08-2025,26333.45,0.0,0.0,0.0,58.45,49.6
FINNIFTY,28-08-2025,27200.0,CE,114.8,0,0,0,14-08-2025,26333.45,0.0,0.0,0.0,947.0,0.0
FINNIFTY,28-08-2025,28900.0,CE,3.0,910,-845,16,14-08-2025,26333.45,3.35,2.95,3.3,3.0,3.15
FINNIFTY,28-08-2025,29300.0,CE,0.7,585,-195,5,14-08-2025,26333.45,2.6,2.0,2.0,2.6,2.6
FINNIFTY,30-09-2025,24400.0,CE,2211.25,0,0,0,14-08-2025,26333.45,0.0,0.0,0.0,3374.45,0.0
FINNIFTY,30-09-2025,24600.0,CE,2037.55,0,0,0,14-08-2025,26333.45,0.0,0.0,0.0,3202.35,0.0
FINNIFTY,30-09-2025,25900.0,CE,1063.25,0,0,0,14-08-2025,26333.45,0.0,0.0,0.0,2178.4,0.0
FINNIFTY,30-09-2025,27100.0,CE,472.25,0,0,0,14-08-2025,26333.45,0.0,0.0,0.0,1412.85,0.0
FINNIFTY,30-09-2025,27300.0,CE,403.7,0,0,0,14-08-2025,26333.45,0.0,0.0,0.0,1304.7,0.0
FINNIFTY,30-09-2025,28800.0,CE,101.65,0,0,0,14-08-2025,26333.45,0.0,0.0,0.0,668.4,0.0
FINNIFTY,30-09-2025,30000.0,CE,25.95,0,0,0,14-08-2025,26333.45,0.0,0.0,0.0,357.9,0.0
FINNIFTY,28-10-2025,25300.0,CE,1706.8,0,0,0,14-08-2025,26333.45,0.0,0.0,0.0,2066.15,0.0
FINNIFTY,28-10-2025,25500.0,CE,1568.3,0,0,0,14-08-2025,26333.45,0.0,0.0,0.0,1921.45,0.0
FINNIFTY,28-10-2025,25600.0,CE,1501.45,0,0,0,14-08-2025,26333.45,0.0,0.0,0.0,1850.2,0.0
FINNIFTY,28-10-2025,26200.0,CE,1135.6,0,0,0,14-08-2025,26333.45,0.0,0.0,0.0,1459.95,0.0
FINNIFTY,28-10-2025,28000.0,CE,404.55,0,0,0,14-08-2025,26333.45,0.0,0.0,0.0,618.2,0.0
FINNIFTY,28-08-2025,24100.0,PE,4.85,4030,-715,32,14-08-2025,26333.45,5.9,4.55,5.8,4.85,4.9
FINNIFTY,28-08-2025,26750.0,CE,99.35,19630,-260,236,14-08-2025,26333.45,120.5,89.9,95.0,99.35,95.85
FINNIFTY,28-08-2025,25650.0,CE,862.1,0,0,0,14-08-2025,26333.45,0.0,0.0,0.0,1280.6,0.0
FINNIFTY,30-09-2025,23000.0,PE,10.1,0,0,0,14-08-2025,26333.45,0.0,0.0,0.0,34.65,0.0
FINNIFTY,28-08-2025,29000.0,PE,2601.7,0,0,0,14-08-2025,26333.45,0.0,0.0,0.0,2425.25,0.0
FINNIFTY,28-08-2025,28500.0,PE,2107.95,0,0,0,14-08-2025,26333.45,0.0,0.0,0.0,2052.4,0.0
FINNIFTY,28-08-2025,26900.0,PE,693.45,130,0,0,14-08-2025,26333.45,0.0,0.0,0.0,477.8,477.8
FINNIFTY,28-08-2025,26850.0,PE,658.8,325,0,0,14-08-2025,26333.45,0.0,0.0,0.0,566.8,566.8
FINNIFTY,28-08-2025,26700.0,PE,411.15,11700,-195,28,14-08-2025,26333.45,460.9,388.0,460.9,411.15,418.15
FINNIFTY,28-08-2025,26500.0,PE,285.2,77805,9100,997,14-08-2025,26333.45,326.15,261.5,300.1,285.2,287.15
FINNIFTY,28-08-2025,26350.0,PE,208.2,44135,29640,3450,14-08-2025,26333.45,238.15,190.0,236.0,208.2,211.95
FINNIFTY,28-08-2025,25400.0,PE,73.1,0,0,0,14-08-2025,26333.45,0.0,0.0,0.0,462.15,0.0
FINNIFTY,28-08-2025,24900.0,PE,22.85,9165,65,3,14-08-2025,26333.45,14.5,11.35,14.5,11.45,11.45
FINNIFTY,28-08-2025,24800.0,PE,10.1,34710,130,58,14-08-2025,26333.45,13.05,8.65,11.5,10.1,10.1
FINNIFTY,28-10-2025,25000.0,CE,1926.5,0,0,0,14-08-2025,26333.45,0.0,0.0,0.0,2291.5,0.0
FINNIFTY,28-10-2025,24800.0,CE,2079.95,0,0,0,14-08-2025,26333.45,0.0,0.0,0.0,2448.6,0.0
FINNIFTY,30-09-2025,24900.0,CE,1787.1,0,0,0,14-08-2025,26333.45,0.0,0.0,0.0,2950.65,0.0
FINNIFTY,28-08-2025,28700.0,CE,3.8,2080,-520,13,14-08-2025,26333.45,4.6,3.65,4.6,3.8,3.9
FINNIFTY,28-08-2025,28400.0,CE,4.7,4095,-325,34,14-08-2025,26333.45,5.5,4.55,5.25,4.7,4.55
FINNIFTY,28-08-2025,27700.0,CE,44.15,0,0,0,14-08-2025,26333.45,0.0,0.0,0.0,748.2,0.0
FINNIFTY,28-08-2025,27300.0,CE,22.9,10855,-2080,169,14-08-2025,26333.45,28.65,19.8,19.8,22.9,22.0
FINNIFTY,28-08-2025,27150.0,CE,125.2,0,0,0,14-08-2025,26333.45,0.0,0.0,0.0,397.7,0.0
FINNIFTY,28-08-2025,26600.0,CE,144.85,71435,-10010,2406,14-08-2025,26333.45,170.0,127.3,133.65,144.85,141.4
FINNIFTY,28-08-2025,26400.0,CE,234.05,64285,6565,3562,14-08-2025,26333.45,266.1,207.05,207.05,234.05,227.0
FINNIFTY,28-08-2025,26200.0,CE,361.25,22620,-8645,808,14-08-2025,26333.45,389.0,319.55,325.8,361.25,347.5
FINNIFTY,28-10-2025,25800.0,PE,517.85,0,0,0,14-08-2025,26333.45,0.0,0.0,0.0,483.4,0.0
FINNIFTY,28-10-2025,24300.0,PE,150.05,0,0,0,14-08-2025,26333.45,0.0,0.0,0.0,151.9,0.0
FINNIFTY,28-10-2025,23500.0,PE,64.3,0,0,0,14-08-2025,26333.45,0.0,0.0,0.0,69.95,0.0
FINNIFTY,30-09-2025,28700.0,PE,2254.7,0,0,0,14-08-2025,26333.45,0.0,0.0,0.0,1693.5,0.0
FINNIFTY,28-08-2025,24100.0,CE,2290.8,0,0,0,14-08-2025,26333.45,0.0,0.0,0.0,2952.55,0.0
FINNIFTY,28-08-2025,24400.0,CE,1994.95,0,0,0,14-08-2025,26333.45,0.0,0.0,0.0,2706.1,0.0
FINNIFTY,28-08-2025,26150.0,CE,518.75,6760,-2990,89,14-08-2025,26333.45,419.0,375.0,375.0,405.0,405.0
FINNIFTY,30-09-2025,24600.0,PE,111.65,130,0,0,14-08-2025,26333.45,0.0,0.0,0.0,159.9,159.9
FINNIFTY,30-09-2025,24000.0,PE,50.55,65,0,0,14-08-2025,26333.45,0.0,0.0,0.0,65.0,65.0
FINNIFTY,28-08-2025,28800.0,PE,2403.5,0,0,0,14-08-2025,26333.45,0.0,0.0,0.0,2274.05,0.0
FINNIFTY,28-08-2025,27450.0,PE,1126.2,0,0,0,14-08-2025,26333.45,0.0,0.0,0.0,968.2,0.0
FINNIFTY,28-08-2025,27350.0,PE,1041.45,0,0,0,14-08-2025,26333.45,0.0,0.0,0.0,900.65,0.0
FINNIFTY,28-08-2025,27250.0,PE,959.1,0,0,0,14-08-2025,26333.45,0.0,0.0,0.0,835.55,0.0
FINNIFTY,28-08-2025,25800.0,PE,66.8,16770,-2015,136,14-08-2025,26333.45,78.2,60.45,78.2,66.8,69.0
FINNIFTY,30-09-2025,27600.0,CE,315.2,0,0,0,14-08-2025,26333.45,0.0,0.0,0.0,1152.9,0.0
FINNIFTY,30-09-2025,25800.0,CE,1126.7,0,0,0,14-08-2025,26333.45,0.0,0.0,0.0,2250.7,0.0
FINNIFTY,30-09-2025,27400.0,CE,372.35,0,0,0,14-08-2025,26333.45,0.0,0.0,0.0,1252.75,0.0
FINNIFTY,30-09-2025,27200.0,CE,437.0,0,0,0,14-08-2025,26333.45,0.0,0.0,0.0,1358.1,0.0
FINNIFTY,28-08-2025,29000.0,CE,2.85,14170,1105,129,14-08-2025,26333.45,3.9,2.25,3.7,2.85,2.25
FINNIFTY,30-09-2025,27800.0,PE,1515.55,0,0,0,14-08-2025,26333.45,0.0,0.0,0.0,1165.0,0.0
FINNIFTY,30-09-2025,25100.0,PE,197.85,0,0,0,14-08-2025,26333.45,0.0,0.0,0.0,237.0,0.0
FINNIFTY,30-09-2025,28600.0,CE,124.8,0,0,0,14-08-2025,26333.45,0.0,0.0,0.0,736.15,0.0
FINNIFTY,30-09-2025,28100.0,PE,1749.15,0,0,0,14-08-2025,26333.45,0.0,0.0,0.0,1329.2,0.0
FINNIFTY,28-08-2025,24200.0,CE,2191.9,0,0,0,14-08-2025,26333.45,0.0,0.0,0.0,2869.45,0.0
FINNIFTY,28-10-2025,28600.0,PE,2179.1,0,0,0,14-08-2025,26333.45,0.0,0.0,0.0,1968.9,0.0
